Sample ID,Retention Time,Peak Area,Peak Height,Intensity,Concentration,Compound Name,Analysis Type
SMP-00001,1.26,11155.7,2939.3,3082.8,0.0107,Uracil,HPLC-UV/Vis
SMP-00001,2.8,44351.8,8614.4,8725.9,0.0452,Acetaminophen,HPLC-UV/Vis
SMP-00001,4.15,99255.9,16338.1,16547.5,0.0999,Caffeine,HPLC-UV/Vis
SMP-00001,5.63,22984.7,5046.6,5129.2,0.0235,Aspirin,HPLC-UV/Vis
SMP-00001,7.19,65026.7,10985.3,11395.1,0.0656,Benzoic Acid,HPLC-UV/Vis
SMP-00001,9.01,29932.4,6042.0,6124.9,0.0303,Phenacetin,HPLC-UV/Vis
SMP-00001,10.4,14290.0,3386.9,3532.6,0.0145,Salicylic Acid,HPLC-UV/Vis
SMP-00001,12.06,57144.8,10137.3,10488.4,0.0573,Chlorpheniramine,HPLC-UV/Vis
SMP-00002,1.28,12728.9,3336.8,3441.4,0.0129,Uracil,HPLC-UV/Vis
SMP-00002,2.76,44336.1,8490.3,8636.5,0.0441,Acetaminophen,HPLC-UV/Vis
SMP-00002,4.12,97837.9,15172.2,15525.7,0.0981,Caffeine,HPLC-UV/Vis
SMP-00002,5.62,24932.6,5451.6,5564.7,0.0253,Aspirin,HPLC-UV/Vis
SMP-00002,7.16,59761.7,9622.5,10006.8,0.06,Benzoic Acid,HPLC-UV/Vis
SMP-00002,8.94,31695.1,6622.1,6779.8,0.032,Phenacetin,HPLC-UV/Vis
SMP-00002,10.39,15005.2,3518.8,3658.6,0.0149,Salicylic Acid,HPLC-UV/Vis
SMP-00002,12.11,56621.1,10433.9,10726.3,0.0562,Chlorpheniramine,HPLC-UV/Vis
SMP-00003,1.2,10648.8,2610.0,2636.3,0.0108,Uracil,HPLC-UV/Vis
SMP-00003,2.79,51750.7,9961.6,10407.4,0.0509,Acetaminophen,HPLC-UV/Vis
SMP-00003,4.12,86176.6,14374.1,14308.8,0.087,Caffeine,HPLC-UV/Vis
SMP-00003,5.58,19759.6,4373.8,4458.7,0.0199,Aspirin,HPLC-UV/Vis
SMP-00003,7.25,65786.8,10588.8,10944.4,0.0661,Benzoic Acid,HPLC-UV/Vis
SMP-00003,8.98,32313.9,6909.9,6952.9,0.0319,Phenacetin,HPLC-UV/Vis
SMP-00003,10.39,13453.0,3349.4,3435.0,0.013,Salicylic Acid,HPLC-UV/Vis
SMP-00003,12.11,58743.6,11209.1,12198.6,0.0592,Chlorpheniramine,HPLC-UV/Vis
SMP-00004,1.19,12783.8,3207.7,3277.3,0.0127,Uracil,HPLC-UV/Vis
SMP-00004,2.83,46519.5,8997.8,9081.4,0.045,Acetaminophen,HPLC-UV/Vis
SMP-00004,4.15,104970.9,17120.4,17970.5,0.1041,Caffeine,HPLC-UV/Vis
SMP-00004,5.57,21424.7,5056.1,5124.7,0.0218,Aspirin,HPLC-UV/Vis
SMP-00004,7.23,69994.7,11579.3,11917.3,0.0691,Benzoic Acid,HPLC-UV/Vis
SMP-00004,8.94,27376.5,5370.7,5550.3,0.0284,Phenacetin,HPLC-UV/Vis
SMP-00004,10.4,16046.6,4057.7,4197.2,0.0159,Salicylic Acid,HPLC-UV/Vis
SMP-00004,12.11,62524.8,11359.6,11422.2,0.061,Chlorpheniramine,HPLC-UV/Vis
SMP-00005,1.3,12227.0,3105.9,3289.8,0.012,Uracil,HPLC-UV/Vis
SMP-00005,2.82,43992.9,8547.8,8776.3,0.0443,Acetaminophen,HPLC-UV/Vis
SMP-00005,4.15,94944.8,14542.1,14964.2,0.0934,Caffeine,HPLC-UV/Vis
SMP-00005,5.57,22328.2,5070.0,5087.6,0.0223,Aspirin,HPLC-UV/Vis
SMP-00005,7.21,64136.8,10548.4,11076.4,0.0649,Benzoic Acid,HPLC-UV/Vis
SMP-00005,8.95,29029.0,5912.1,6118.1,0.0291,Phenacetin,HPLC-UV/Vis
SMP-00005,10.4,15956.8,4173.9,4455.8,0.0157,Salicylic Acid,HPLC-UV/Vis
SMP-00005,12.06,50999.2,9314.5,9818.5,0.0502,Chlorpheniramine,HPLC-UV/Vis
SMP-00006,1.19,12248.0,3046.1,3105.2,0.0121,Uracil,HPLC-UV/Vis
SMP-00006,2.75,39081.1,8163.2,8197.9,0.0381,Acetaminophen,HPLC-UV/Vis
SMP-00006,4.24,78750.3,12641.2,13106.8,0.0818,Caffeine,HPLC-UV/Vis
SMP-00006,5.59,24895.6,5563.3,5688.3,0.0248,Aspirin,HPLC-UV/Vis
SMP-00006,7.19,65604.6,10980.4,11187.9,0.0662,Benzoic Acid,HPLC-UV/Vis
SMP-00006,8.95,32297.9,6635.8,6834.9,0.0318,Phenacetin,HPLC-UV/Vis
SMP-00006,10.4,18866.2,4775.0,4955.1,0.0186,Salicylic Acid,HPLC-UV/Vis
SMP-00006,12.11,48171.5,9060.6,9380.0,0.0487,Chlorpheniramine,HPLC-UV/Vis
SMP-00007,1.28,13016.3,3238.9,3305.5,0.0131,Uracil,HPLC-UV/Vis
SMP-00007,2.79,45326.2,8741.0,9029.9,0.0467,Acetaminophen,HPLC-UV/Vis
SMP-00007,4.14,90775.3,14884.9,15220.7,0.0876,Caffeine,HPLC-UV/Vis
SMP-00007,5.65,19556.8,4450.2,4554.4,0.0195,Aspirin,HPLC-UV/Vis
SMP-00007,7.19,76162.4,12852.7,13683.6,0.0777,Benzoic Acid,HPLC-UV/Vis
SMP-00007,9.0,32570.1,6840.5,7005.1,0.0326,Phenacetin,HPLC-UV/Vis
SMP-00007,10.43,13762.5,3441.6,3531.7,0.0141,Salicylic Acid,HPLC-UV/Vis
SMP-00007,12.15,58161.8,10054.6,10342.8,0.0569,Chlorpheniramine,HPLC-UV/Vis
SMP-00008,1.3,13244.3,3337.0,3369.5,0.0133,Uracil,HPLC-UV/Vis
SMP-00008,2.78,47229.2,9486.6,9886.7,0.0451,Acetaminophen,HPLC-UV/Vis
SMP-00008,4.15,92892.7,15803.4,15625.4,0.0918,Caffeine,HPLC-UV/Vis
SMP-00008,5.55,26509.4,5909.4,6186.8,0.0262,Aspirin,HPLC-UV/Vis
SMP-00008,7.23,68969.7,11540.4,11949.0,0.0678,Benzoic Acid,HPLC-UV/Vis
SMP-00008,8.95,32396.6,6837.9,6898.2,0.0323,Phenacetin,HPLC-UV/Vis
SMP-00008,10.38,14317.9,3510.8,3675.4,0.0143,Salicylic Acid,HPLC-UV/Vis
SMP-00008,12.13,58763.6,10788.6,11614.5,0.0585,Chlorpheniramine,HPLC-UV/Vis
SMP-00009,1.3,11880.6,3064.0,3236.2,0.0115,Uracil,HPLC-UV/Vis
SMP-00009,2.75,42163.0,8311.0,8647.4,0.0424,Acetaminophen,HPLC-UV/Vis
SMP-00009,4.08,89685.6,14373.8,14937.1,0.0909,Caffeine,HPLC-UV/Vis
SMP-00009,5.58,23419.3,5287.1,5470.0,0.0237,Aspirin,HPLC-UV/Vis
SMP-00009,7.19,68726.4,11696.9,11955.7,0.0694,Benzoic Acid,HPLC-UV/Vis
SMP-00009,8.95,33788.5,6548.7,6575.4,0.0329,Phenacetin,HPLC-UV/Vis
SMP-00009,10.38,16769.9,4052.5,4190.1,0.0171,Salicylic Acid,HPLC-UV/Vis
SMP-00009,12.1,61537.5,11154.3,11302.1,0.0609,Chlorpheniramine,HPLC-UV/Vis
SMP-00010,1.22,12004.8,3162.7,3366.4,0.0117,Uracil,HPLC-UV/Vis
SMP-00010,2.77,47974.3,9287.9,9226.4,0.0488,Acetaminophen,HPLC-UV/Vis
SMP-00010,4.13,79658.5,12664.4,13152.7,0.0793,Caffeine,HPLC-UV/Vis
SMP-00010,5.61,26150.7,5721.4,5724.1,0.0266,Aspirin,HPLC-UV/Vis
SMP-00010,7.23,69984.1,11586.1,12014.6,0.0726,Benzoic Acid,HPLC-UV/Vis
SMP-00010,8.95,31700.2,6709.7,6797.5,0.0319,Phenacetin,HPLC-UV/Vis
SMP-00010,10.41,14300.6,3302.3,3264.4,0.014,Salicylic Acid,HPLC-UV/Vis
SMP-00010,12.09,64700.9,12024.4,12153.7,0.0651,Chlorpheniramine,HPLC-UV/Vis
SMP-00011,1.24,12681.2,3318.8,3395.9,0.013,Uracil,HPLC-UV/Vis
SMP-00011,2.8,57697.6,11272.0,11933.3,0.0578,Acetaminophen,HPLC-UV/Vis
SMP-00011,4.15,87680.8,13914.0,14451.2,0.0862,Caffeine,HPLC-UV/Vis
SMP-00011,5.62,24637.5,5605.8,5815.1,0.0245,Aspirin,HPLC-UV/Vis
SMP-00011,7.19,73705.7,11633.3,11904.2,0.071,Benzoic Acid,HPLC-UV/Vis
SMP-00011,8.99,33993.4,6835.3,6835.0,0.0321,Phenacetin,HPLC-UV/Vis
SMP-00011,10.47,16279.1,3901.7,4055.0,0.0158,Salicylic Acid,HPLC-UV/Vis
SMP-00011,12.1,53734.2,9948.7,10315.8,0.0545,Chlorpheniramine,HPLC-UV/Vis
SMP-00012,1.28,14478.6,3628.2,3672.7,0.0149,Uracil,HPLC-UV/Vis
SMP-00012,2.84,43773.4,8895.0,9185.3,0.044,Acetaminophen,HPLC-UV/Vis
SMP-00012,4.14,80805.9,12940.4,13445.7,0.078,Caffeine,HPLC-UV/Vis
SMP-00012,5.58,25751.4,5319.4,5395.3,0.025,Aspirin,HPLC-UV/Vis
SMP-00012,7.21,66192.1,10914.9,11207.6,0.0665,Benzoic Acid,HPLC-UV/Vis
SMP-00012,8.97,33267.9,6898.6,7182.3,0.0335,Phenacetin,HPLC-UV/Vis
SMP-00012,10.4,15121.6,3597.6,3631.3,0.0147,Salicylic Acid,HPLC-UV/Vis
SMP-00012,12.08,49383.5,8908.7,9235.6,0.0494,Chlorpheniramine,HPLC-UV/Vis
SMP-00013,1.28,13371.1,3421.4,3479.4,0.0136,Uracil,HPLC-UV/Vis
SMP-00013,2.76,45488.8,8909.9,9016.8,0.0457,Acetaminophen,HPLC-UV/Vis
SMP-00013,4.19,100332.6,16199.9,16803.7,0.096,Caffeine,HPLC-UV/Vis
SMP-00013,5.59,20623.4,4662.8,4988.9,0.0201,Aspirin,HPLC-UV/Vis
SMP-00013,7.21,78259.0,12594.6,13035.2,0.0807,Benzoic Acid,HPLC-UV/Vis
SMP-00013,8.94,26046.8,5097.3,5207.0,0.0257,Phenacetin,HPLC-UV/Vis
SMP-00013,10.41,12831.6,3184.4,3243.2,0.0132,Salicylic Acid,HPLC-UV/Vis
SMP-00013,12.08,57133.9,10555.3,10966.5,0.0553,Chlorpheniramine,HPLC-UV/Vis
SMP-00014,1.22,12743.4,3138.7,3260.9,0.0126,Uracil,HPLC-UV/Vis
SMP-00014,2.82,281441.6,53880.3,46008.7,0.279,Acetaminophen,HPLC-UV/Vis
SMP-00014,4.13,85529.0,14496.1,14629.3,0.0812,Caffeine,HPLC-UV/Vis
SMP-00014,5.68,22163.8,4597.2,4706.6,0.022,Aspirin,HPLC-UV/Vis
SMP-00014,7.17,71306.3,12026.2,12027.5,0.0722,Benzoic Acid,HPLC-UV/Vis
SMP-00014,8.96,30147.9,6157.3,6417.8,0.0291,Phenacetin,HPLC-UV/Vis
SMP-00014,10.39,18483.4,4482.6,4766.6,0.0181,Salicylic Acid,HPLC-UV/Vis
SMP-00014,12.11,49490.6,9001.0,9489.3,0.0491,Chlorpheniramine,HPLC-UV/Vis
SMP-00015,1.25,11326.9,2878.4,2960.1,0.0109,Uracil,HPLC-UV/Vis
SMP-00015,2.81,43406.1,7750.3,8104.5,0.0437,Acetaminophen,HPLC-UV/Vis
SMP-00015,4.11,96656.3,15864.1,17096.0,0.0974,Caffeine,HPLC-UV/Vis
SMP-00015,5.59,24986.8,5612.5,5921.4,0.0247,Aspirin,HPLC-UV/Vis
SMP-00015,7.18,64465.4,10552.1,11035.6,0.0665,Benzoic Acid,HPLC-UV/Vis
SMP-00015,8.94,32180.3,6554.3,6875.8,0.0308,Phenacetin,HPLC-UV/Vis
SMP-00015,10.38,11980.8,2808.6,2841.4,0.0119,Salicylic Acid,HPLC-UV/Vis
SMP-00015,12.09,48613.8,8773.6,9220.9,0.0476,Chlorpheniramine,HPLC-UV/Vis
SMP-00016,1.27,12174.7,3191.4,3286.2,0.0124,Uracil,HPLC-UV/Vis
SMP-00016,2.8,44835.2,8388.2,8377.6,0.0455,Acetaminophen,HPLC-UV/Vis
SMP-00016,4.12,88342.9,14851.4,14619.5,0.0857,Caffeine,HPLC-UV/Vis
SMP-00016,5.64,23752.8,5361.8,5400.4,0.0232,Aspirin,HPLC-UV/Vis
SMP-00016,7.2,71098.6,11752.4,12170.3,0.0713,Benzoic Acid,HPLC-UV/Vis
SMP-00016,8.97,26146.3,4932.2,5179.0,0.0269,Phenacetin,HPLC-UV/Vis
SMP-00016,10.34,15755.2,3944.0,4204.1,0.0159,Salicylic Acid,HPLC-UV/Vis
SMP-00016,12.07,54263.0,9723.8,9818.1,0.0565,Chlorpheniramine,HPLC-UV/Vis
SMP-00017,1.28,11304.0,2987.5,3115.3,0.0115,Uracil,HPLC-UV/Vis
SMP-00017,2.82,49189.5,9729.1,10087.3,0.0476,Acetaminophen,HPLC-UV/Vis
SMP-00017,4.13,77784.5,13376.0,14239.8,0.0802,Caffeine,HPLC-UV/Vis
SMP-00017,5.64,23127.8,5137.5,5179.2,0.0233,Aspirin,HPLC-UV/Vis
SMP-00017,7.16,67055.0,11116.7,11849.8,0.0683,Benzoic Acid,HPLC-UV/Vis
SMP-00017,8.96,31338.3,6389.8,6443.2,0.0312,Phenacetin,HPLC-UV/Vis
SMP-00017,10.36,16398.2,4039.1,4015.9,0.0164,Salicylic Acid,HPLC-UV/Vis
SMP-00017,12.13,59761.0,10817.4,10959.1,0.0586,Chlorpheniramine,HPLC-UV/Vis
SMP-00018,1.26,14053.3,3717.7,3819.4,0.0138,Uracil,HPLC-UV/Vis
SMP-00018,2.81,44874.7,8566.2,8866.5,0.0444,Acetaminophen,HPLC-UV/Vis
SMP-00018,4.16,85615.0,14023.5,14520.8,0.0836,Caffeine,HPLC-UV/Vis
SMP-00018,5.64,20415.6,4183.7,4153.5,0.0204,Aspirin,HPLC-UV/Vis
SMP-00018,7.2,75583.8,11662.7,12104.9,0.0777,Benzoic Acid,HPLC-UV/Vis
SMP-00018,8.94,28851.3,5746.9,5881.8,0.0297,Phenacetin,HPLC-UV/Vis
SMP-00018,10.39,18572.7,4528.2,4822.9,0.0185,Salicylic Acid,HPLC-UV/Vis
SMP-00018,12.11,71430.6,13166.4,13375.1,0.0725,Chlorpheniramine,HPLC-UV/Vis
SMP-00019,1.24,13581.8,3493.8,3618.1,0.0136,Uracil,HPLC-UV/Vis
SMP-00019,2.81,36928.9,7354.4,7430.6,0.0356,Acetaminophen,HPLC-UV/Vis
SMP-00019,4.15,83014.7,13856.1,13899.8,0.0823,Caffeine,HPLC-UV/Vis
SMP-00019,5.6,23744.2,5088.3,5314.7,0.0238,Aspirin,HPLC-UV/Vis
SMP-00019,7.14,67317.1,11112.8,11423.1,0.0673,Benzoic Acid,HPLC-UV/Vis
SMP-00019,8.98,27733.7,5464.3,5508.7,0.0279,Phenacetin,HPLC-UV/Vis
SMP-00019,10.39,11697.9,2655.2,2690.7,0.0115,Salicylic Acid,HPLC-UV/Vis
SMP-00019,12.1,52511.2,9803.6,9965.2,0.0516,Chlorpheniramine,HPLC-UV/Vis
SMP-00020,1.2,12935.7,3334.7,3424.9,0.0134,Uracil,HPLC-UV/Vis
SMP-00020,2.86,44767.7,8358.8,8621.2,0.0438,Acetaminophen,HPLC-UV/Vis
SMP-00020,4.16,94156.6,15035.2,15783.1,0.0962,Caffeine,HPLC-UV/Vis
SMP-00020,5.57,24322.9,5578.9,5536.4,0.0242,Aspirin,HPLC-UV/Vis
SMP-00020,7.2,63548.5,10504.9,11215.5,0.0633,Benzoic Acid,HPLC-UV/Vis
SMP-00020,8.94,31436.6,6450.1,6701.5,0.0322,Phenacetin,HPLC-UV/Vis
SMP-00020,10.41,16520.4,3893.0,4003.0,0.0168,Salicylic Acid,HPLC-UV/Vis
SMP-00020,12.11,59005.2,10813.6,11397.6,0.0593,Chlorpheniramine,HPLC-UV/Vis
SMP-00021,1.26,8801.8,2299.0,2200.3,0.0084,Uracil,HPLC-UV/Vis
SMP-00021,2.81,40476.3,7675.7,8116.3,0.04,Acetaminophen,HPLC-UV/Vis
SMP-00021,4.15,92840.5,15795.2,16310.5,0.0911,Caffeine,HPLC-UV/Vis
SMP-00021,5.6,19947.4,4365.1,4431.3,0.0204,Aspirin,HPLC-UV/Vis
SMP-00021,7.19,66684.4,11156.8,11629.2,0.0653,Benzoic Acid,HPLC-UV/Vis
SMP-00021,8.98,29913.9,5864.5,6092.5,0.0302,Phenacetin,HPLC-UV/Vis
SMP-00021,10.41,16748.3,4122.4,4298.2,0.0163,Salicylic Acid,HPLC-UV/Vis
SMP-00021,12.09,51584.1,9583.4,10154.4,0.0535,Chlorpheniramine,HPLC-UV/Vis
SMP-00022,1.25,12889.7,3386.6,3496.4,0.013,Uracil,HPLC-UV/Vis
SMP-00022,2.8,42460.1,8140.6,8488.1,0.0425,Acetaminophen,HPLC-UV/Vis
SMP-00022,4.17,85857.2,14285.6,14822.5,0.0837,Caffeine,HPLC-UV/Vis
SMP-00022,5.58,19276.7,4096.3,4135.5,0.0193,Aspirin,HPLC-UV/Vis
SMP-00022,7.19,71576.9,12009.1,12445.3,0.0721,Benzoic Acid,HPLC-UV/Vis
SMP-00022,8.89,30063.3,5748.6,5925.2,0.0301,Phenacetin,HPLC-UV/Vis
SMP-00022,10.44,15917.0,3820.2,3971.9,0.0158,Salicylic Acid,HPLC-UV/Vis
SMP-00022,12.13,51177.7,9490.8,9904.1,0.0501,Chlorpheniramine,HPLC-UV/Vis
SMP-00023,1.27,12577.4,3159.5,3200.0,0.0125,Uracil,HPLC-UV/Vis
SMP-00023,2.77,47804.0,8958.2,9190.4,0.0479,Acetaminophen,HPLC-UV/Vis
SMP-00023,4.11,102331.3,16699.8,17338.2,0.1025,Caffeine,HPLC-UV/Vis
SMP-00023,5.6,132294.3,25998.5,31572.2,0.1308,Aspirin,HPLC-UV/Vis
SMP-00023,7.24,66878.7,11048.0,11133.2,0.0666,Benzoic Acid,HPLC-UV/Vis
SMP-00023,8.92,31908.0,6798.9,7384.9,0.0315,Phenacetin,HPLC-UV/Vis
SMP-00023,10.41,15364.7,3792.0,3910.5,0.0154,Salicylic Acid,HPLC-UV/Vis
SMP-00023,12.06,45834.3,8479.8,8687.3,0.0452,Chlorpheniramine,HPLC-UV/Vis
SMP-00024,1.27,12675.1,3194.8,3369.0,0.0131,Uracil,HPLC-UV/Vis
SMP-00024,2.83,51488.4,10307.5,10743.4,0.052,Acetaminophen,HPLC-UV/Vis
SMP-00024,4.12,95451.3,14926.5,15137.1,0.0978,Caffeine,HPLC-UV/Vis
SMP-00024,5.64,22472.4,4785.4,4906.0,0.0225,Aspirin,HPLC-UV/Vis
SMP-00024,7.23,227378.0,39437.7,31276.3,0.2295,Benzoic Acid,HPLC-UV/Vis
SMP-00024,8.94,36727.1,7515.3,7704.1,0.0354,Phenacetin,HPLC-UV/Vis
SMP-00024,10.39,14530.7,3697.1,3795.8,0.0149,Salicylic Acid,HPLC-UV/Vis
SMP-00024,12.1,53719.6,9714.7,10340.1,0.0512,Chlorpheniramine,HPLC-UV/Vis
SMP-00025,1.23,12468.6,3271.0,3400.1,0.0124,Uracil,HPLC-UV/Vis
SMP-00025,2.83,46643.2,9321.3,9651.7,0.0461,Acetaminophen,HPLC-UV/Vis
SMP-00025,4.15,89212.8,15142.9,14854.9,0.0867,Caffeine,HPLC-UV/Vis
SMP-00025,5.59,22511.9,4739.8,4788.6,0.0221,Aspirin,HPLC-UV/Vis
SMP-00025,7.25,64624.9,10617.4,10691.9,0.0621,Benzoic Acid,HPLC-UV/Vis
SMP-00025,8.92,30935.7,6038.9,6128.1,0.031,Phenacetin,HPLC-UV/Vis
SMP-00025,10.41,56870.7,12318.3,15450.6,0.0577,Salicylic Acid,HPLC-UV/Vis
SMP-00025,12.11,57523.2,10359.9,10988.1,0.0586,Chlorpheniramine,HPLC-UV/Vis
SMP-00026,1.27,14858.2,4007.1,4028.9,0.0147,Uracil,HPLC-UV/Vis
SMP-00026,2.77,39742.9,7593.5,7885.1,0.0396,Acetaminophen,HPLC-UV/Vis
SMP-00026,4.13,82846.7,13084.7,14074.3,0.0834,Caffeine,HPLC-UV/Vis
SMP-00026,5.59,22670.4,4896.3,4783.5,0.022,Aspirin,HPLC-UV/Vis
SMP-00026,7.13,59343.4,10307.1,10607.2,0.0611,Benzoic Acid,HPLC-UV/Vis
SMP-00026,8.97,28389.6,5924.5,6188.6,0.028,Phenacetin,HPLC-UV/Vis
SMP-00026,10.42,14743.4,3463.4,3485.2,0.0148,Salicylic Acid,HPLC-UV/Vis
SMP-00026,12.08,54345.0,9994.4,10417.8,0.056,Chlorpheniramine,HPLC-UV/Vis
SMP-00027,1.22,14546.6,3687.9,3875.6,0.0146,Uracil,HPLC-UV/Vis
SMP-00027,2.75,45014.4,8331.3,8742.4,0.0464,Acetaminophen,HPLC-UV/Vis
SMP-00027,4.16,82730.2,13175.0,13774.3,0.0827,Caffeine,HPLC-UV/Vis
SMP-00027,5.59,25408.5,5624.9,5883.2,0.0252,Aspirin,HPLC-UV/Vis
SMP-00027,7.2,61765.1,10486.8,10937.8,0.0626,Benzoic Acid,HPLC-UV/Vis
SMP-00027,8.99,30030.6,6232.1,6341.4,0.03,Phenacetin,HPLC-UV/Vis
SMP-00027,10.45,16168.1,3913.6,4124.4,0.0155,Salicylic Acid,HPLC-UV/Vis
SMP-00027,12.12,54528.6,9933.5,9968.0,0.0545,Chlorpheniramine,HPLC-UV/Vis
SMP-00028,1.27,12661.8,3212.3,3283.3,0.0122,Uracil,HPLC-UV/Vis
SMP-00028,2.83,38583.8,7321.4,7371.6,0.0377,Acetaminophen,HPLC-UV/Vis
SMP-00028,4.09,94680.1,15718.8,16111.5,0.0903,Caffeine,HPLC-UV/Vis
SMP-00028,5.64,16682.8,3630.3,3653.5,0.0171,Aspirin,HPLC-UV/Vis
SMP-00028,7.21,71211.3,12451.2,12774.2,0.0717,Benzoic Acid,HPLC-UV/Vis
SMP-00028,8.99,28827.6,5806.1,5977.7,0.0279,Phenacetin,HPLC-UV/Vis
SMP-00028,10.43,16057.7,3730.4,3833.1,0.0163,Salicylic Acid,HPLC-UV/Vis
SMP-00028,12.07,58951.8,10739.1,11149.7,0.061,Chlorpheniramine,HPLC-UV/Vis
SMP-00029,1.27,15825.5,4047.0,4103.9,0.016,Uracil,HPLC-UV/Vis
SMP-00029,2.78,41071.8,8598.3,8912.4,0.0404,Acetaminophen,HPLC-UV/Vis
SMP-00029,4.15,86945.1,14378.1,14438.0,0.0876,Caffeine,HPLC-UV/Vis
SMP-00029,5.61,22231.0,4830.8,4936.1,0.0221,Aspirin,HPLC-UV/Vis
SMP-00029,7.23,55718.3,9549.1,9763.1,0.0562,Benzoic Acid,HPLC-UV/Vis
SMP-00029,8.99,35086.8,7382.0,7379.8,0.0356,Phenacetin,HPLC-UV/Vis
SMP-00029,10.35,15562.8,3832.5,3990.1,0.0156,Salicylic Acid,HPLC-UV/Vis
SMP-00029,12.14,60846.1,10159.2,10399.5,0.0607,Chlorpheniramine,HPLC-UV/Vis
SMP-00030,1.25,14005.3,3495.4,3623.8,0.0138,Uracil,HPLC-UV/Vis
SMP-00030,2.84,43315.3,8540.9,8477.5,0.045,Acetaminophen,HPLC-UV/Vis
SMP-00030,4.14,94334.7,14721.5,15511.3,0.0938,Caffeine,HPLC-UV/Vis
SMP-00030,5.59,21758.7,4910.4,5082.9,0.0221,Aspirin,HPLC-UV/Vis
SMP-00030,7.22,64577.1,11480.9,11465.3,0.0663,Benzoic Acid,HPLC-UV/Vis
SMP-00030,8.92,38155.8,8018.5,8414.8,0.0382,Phenacetin,HPLC-UV/Vis
SMP-00030,10.39,16210.0,4108.4,4246.5,0.0159,Salicylic Acid,HPLC-UV/Vis
SMP-00030,12.13,57749.2,10661.4,10923.5,0.0567,Chlorpheniramine,HPLC-UV/Vis
SMP-00031,1.2,12745.5,3267.9,3337.2,0.0121,Uracil,HPLC-UV/Vis
SMP-00031,2.83,42756.2,8405.1,8423.5,0.0441,Acetaminophen,HPLC-UV/Vis
SMP-00031,4.16,109946.9,18532.3,18974.6,0.1089,Caffeine,HPLC-UV/Vis
SMP-00031,5.62,22856.9,4986.2,5282.1,0.0228,Aspirin,HPLC-UV/Vis
SMP-00031,7.2,79433.2,13320.6,13976.7,0.0785,Benzoic Acid,HPLC-UV/Vis
SMP-00031,8.96,34284.7,7041.0,7071.0,0.0334,Phenacetin,HPLC-UV/Vis
SMP-00031,10.35,15771.5,3970.1,4088.1,0.0151,Salicylic Acid,HPLC-UV/Vis
SMP-00031,12.1,65561.4,11426.4,11679.9,0.0674,Chlorpheniramine,HPLC-UV/Vis
SMP-00032,1.27,12593.2,3268.4,3417.3,0.0124,Uracil,HPLC-UV/Vis
SMP-00032,2.76,47304.1,9240.4,9403.7,0.0473,Acetaminophen,HPLC-UV/Vis
SMP-00032,4.12,86046.5,13507.2,13999.6,0.084,Caffeine,HPLC-UV/Vis
SMP-00032,5.56,21791.9,4715.9,4982.4,0.0219,Aspirin,HPLC-UV/Vis
SMP-00032,7.21,53197.6,8826.1,9443.5,0.0534,Benzoic Acid,HPLC-UV/Vis
SMP-00032,8.97,33994.7,6590.2,6566.2,0.0341,Phenacetin,HPLC-UV/Vis
SMP-00032,10.44,15109.0,3459.9,3475.9,0.0143,Salicylic Acid,HPLC-UV/Vis
SMP-00032,12.09,51900.3,9701.8,10225.4,0.0517,Chlorpheniramine,HPLC-UV/Vis
SMP-00033,1.27,13142.0,3407.5,3576.6,0.0129,Uracil,HPLC-UV/Vis
SMP-00033,2.77,49231.7,9116.7,9220.6,0.0506,Acetaminophen,HPLC-UV/Vis
SMP-00033,4.18,91314.5,14798.1,15645.7,0.0909,Caffeine,HPLC-UV/Vis
SMP-00033,5.58,24373.3,5441.9,5434.6,0.024,Aspirin,HPLC-UV/Vis
SMP-00033,7.19,58126.4,9448.5,9594.3,0.0592,Benzoic Acid,HPLC-UV/Vis
SMP-00033,8.95,29977.2,6176.4,6260.9,0.0293,Phenacetin,HPLC-UV/Vis
SMP-00033,10.38,13785.6,3376.5,3527.1,0.0133,Salicylic Acid,HPLC-UV/Vis
SMP-00033,12.09,280259.5,55633.2,41151.4,0.2734,Chlorpheniramine,HPLC-UV/Vis
SMP-00034,1.29,12260.0,3204.0,3255.0,0.0123,Uracil,HPLC-UV/Vis
SMP-00034,2.73,50118.1,9476.5,9674.5,0.0488,Acetaminophen,HPLC-UV/Vis
SMP-00034,4.14,82692.9,13606.7,14138.1,0.0833,Caffeine,HPLC-UV/Vis
SMP-00034,5.65,20633.9,4547.4,4786.8,0.0212,Aspirin,HPLC-UV/Vis
SMP-00034,7.19,76553.8,12892.7,13329.9,0.0763,Benzoic Acid,HPLC-UV/Vis
SMP-00034,8.96,30413.0,6230.8,6427.5,0.03,Phenacetin,HPLC-UV/Vis
SMP-00034,10.49,12828.5,3161.8,3208.6,0.013,Salicylic Acid,HPLC-UV/Vis
SMP-00034,12.12,60572.3,11009.2,11588.8,0.058,Chlorpheniramine,HPLC-UV/Vis
SMP-00035,1.26,13792.5,3427.9,3473.8,0.0139,Uracil,HPLC-UV/Vis
SMP-00035,2.81,50767.3,9394.3,9859.1,0.0508,Acetaminophen,HPLC-UV/Vis
SMP-00035,4.11,93688.0,14179.5,14788.7,0.091,Caffeine,HPLC-UV/Vis
SMP-00035,5.6,25801.6,5669.5,5760.8,0.0256,Aspirin,HPLC-UV/Vis
SMP-00035,7.22,64801.0,10689.4,10675.1,0.0653,Benzoic Acid,HPLC-UV/Vis
SMP-00035,8.97,31601.7,6941.2,6996.7,0.0315,Phenacetin,HPLC-UV/Vis
SMP-00035,10.44,14514.6,3561.2,3668.1,0.0146,Salicylic Acid,HPLC-UV/Vis
SMP-00035,12.1,45539.3,8274.1,8596.8,0.0453,Chlorpheniramine,HPLC-UV/Vis
SMP-00036,1.28,12904.4,3247.1,3326.2,0.0126,Uracil,HPLC-UV/Vis
SMP-00036,2.78,51426.4,9823.0,10243.5,0.0509,Acetaminophen,HPLC-UV/Vis
SMP-00036,4.15,96988.5,15533.5,15511.0,0.0945,Caffeine,HPLC-UV/Vis
SMP-00036,5.61,20214.7,4526.0,4619.6,0.0213,Aspirin,HPLC-UV/Vis
SMP-00036,7.21,59797.7,9771.6,10092.4,0.0567,Benzoic Acid,HPLC-UV/Vis
SMP-00036,9.01,29785.7,6160.2,6471.2,0.0297,Phenacetin,HPLC-UV/Vis
SMP-00036,10.33,16600.7,4030.9,4070.2,0.0166,Salicylic Acid,HPLC-UV/Vis
SMP-00036,12.08,57487.1,10001.3,10510.8,0.056,Chlorpheniramine,HPLC-UV/Vis
SMP-00037,1.31,13854.1,3570.2,3610.2,0.0138,Uracil,HPLC-UV/Vis
SMP-00037,2.8,45384.0,8811.3,9037.8,0.0441,Acetaminophen,HPLC-UV/Vis
SMP-00037,4.18,76995.1,12433.6,12602.8,0.0772,Caffeine,HPLC-UV/Vis
SMP-00037,5.64,24270.2,5158.0,5381.9,0.0239,Aspirin,HPLC-UV/Vis
SMP-00037,7.21,64085.7,10950.0,11108.9,0.0633,Benzoic Acid,HPLC-UV/Vis
SMP-00037,8.93,34629.9,7224.8,7688.6,0.036,Phenacetin,HPLC-UV/Vis
SMP-00037,10.4,13765.7,3264.6,3321.4,0.0134,Salicylic Acid,HPLC-UV/Vis
SMP-00037,12.1,47606.2,8855.7,8958.9,0.0507,Chlorpheniramine,HPLC-UV/Vis
SMP-00038,1.24,11888.5,3062.6,3075.1,0.0124,Uracil,HPLC-UV/Vis
SMP-00038,2.81,39631.8,7757.9,7816.7,0.041,Acetaminophen,HPLC-UV/Vis
SMP-00038,4.15,67468.1,10539.6,11000.8,0.0696,Caffeine,HPLC-UV/Vis
SMP-00038,5.55,23796.6,5409.5,5392.4,0.0238,Aspirin,HPLC-UV/Vis
SMP-00038,7.19,54916.5,9016.8,9228.3,0.0547,Benzoic Acid,HPLC-UV/Vis
SMP-00038,8.94,31076.5,6460.0,6614.5,0.0308,Phenacetin,HPLC-UV/Vis
SMP-00038,10.34,16344.9,3981.4,4104.0,0.0166,Salicylic Acid,HPLC-UV/Vis
SMP-00038,12.04,55684.9,10066.9,10403.1,0.0552,Chlorpheniramine,HPLC-UV/Vis
SMP-00039,1.28,13053.1,3329.9,3289.5,0.0133,Uracil,HPLC-UV/Vis
SMP-00039,2.82,41771.4,8297.4,8689.1,0.0432,Acetaminophen,HPLC-UV/Vis
SMP-00039,4.14,95866.5,15608.7,15728.2,0.0966,Caffeine,HPLC-UV/Vis
SMP-00039,5.6,23607.2,5172.7,5480.8,0.0232,Aspirin,HPLC-UV/Vis
SMP-00039,7.2,73324.3,11682.1,11726.5,0.0706,Benzoic Acid,HPLC-UV/Vis
SMP-00039,8.92,30000.6,6281.4,6389.2,0.0301,Phenacetin,HPLC-UV/Vis
SMP-00039,10.42,16341.9,3901.9,4005.8,0.0167,Salicylic Acid,HPLC-UV/Vis
SMP-00039,12.06,57754.4,10124.2,10714.0,0.0589,Chlorpheniramine,HPLC-UV/Vis
SMP-00040,1.25,12190.2,3198.3,3270.6,0.0123,Uracil,HPLC-UV/Vis
SMP-00040,2.78,42978.0,8033.1,8103.0,0.0413,Acetaminophen,HPLC-UV/Vis
SMP-00040,4.2,101914.8,15859.6,16565.3,0.1045,Caffeine,HPLC-UV/Vis
SMP-00040,5.6,18461.8,4117.0,4153.0,0.0186,Aspirin,HPLC-UV/Vis
SMP-00040,7.22,74305.3,12085.2,12172.9,0.0714,Benzoic Acid,HPLC-UV/Vis
SMP-00040,8.93,26361.2,5494.8,5610.1,0.0257,Phenacetin,HPLC-UV/Vis
SMP-00040,10.43,82706.6,20652.7,22828.5,0.0809,Salicylic Acid,HPLC-UV/Vis
SMP-00040,12.11,49970.9,9185.6,9562.6,0.0468,Chlorpheniramine,HPLC-UV/Vis
SMP-00041,1.16,11683.5,3101.4,3174.8,0.0114,Uracil,HPLC-UV/Vis
SMP-00041,2.83,36999.7,7491.6,7708.1,0.0359,Acetaminophen,HPLC-UV/Vis
SMP-00041,4.12,96927.6,16074.9,16004.4,0.0962,Caffeine,HPLC-UV/Vis
SMP-00041,5.64,19981.3,4657.2,4793.8,0.0194,Aspirin,HPLC-UV/Vis
SMP-00041,7.18,58809.2,9805.0,9858.3,0.0559,Benzoic Acid,HPLC-UV/Vis
SMP-00041,8.9,28853.6,5744.5,5816.8,0.0301,Phenacetin,HPLC-UV/Vis
SMP-00041,10.41,12829.4,3050.6,3155.2,0.0125,Salicylic Acid,HPLC-UV/Vis
SMP-00041,12.06,52648.8,9347.6,9658.8,0.052,Chlorpheniramine,HPLC-UV/Vis
SMP-00042,1.24,11536.2,3011.7,3116.4,0.0116,Uracil,HPLC-UV/Vis
SMP-00042,2.82,44720.1,8608.6,8884.9,0.0463,Acetaminophen,HPLC-UV/Vis
SMP-00042,4.17,72313.6,11849.6,12578.3,0.0732,Caffeine,HPLC-UV/Vis
SMP-00042,5.58,23171.7,5077.6,5150.1,0.023,Aspirin,HPLC-UV/Vis
SMP-00042,7.18,61965.8,9840.6,10212.7,0.0627,Benzoic Acid,HPLC-UV/Vis
SMP-00042,8.98,31474.6,6532.0,6767.7,0.0314,Phenacetin,HPLC-UV/Vis
SMP-00042,10.47,14895.6,3552.5,3689.9,0.015,Salicylic Acid,HPLC-UV/Vis
SMP-00042,12.13,53690.4,9381.6,9886.2,0.0544,Chlorpheniramine,HPLC-UV/Vis
SMP-00043,1.3,13270.7,3409.9,3620.7,0.0134,Uracil,HPLC-UV/Vis
SMP-00043,2.78,48465.1,9545.5,9834.7,0.0477,Acetaminophen,HPLC-UV/Vis
SMP-00043,4.15,77306.1,11926.4,12419.0,0.0727,Caffeine,HPLC-UV/Vis
SMP-00043,5.59,26122.0,5692.0,5937.9,0.0259,Aspirin,HPLC-UV/Vis
SMP-00043,7.22,64282.5,11017.6,11129.1,0.0647,Benzoic Acid,HPLC-UV/Vis
SMP-00043,8.97,37179.8,7480.5,7498.6,0.0366,Phenacetin,HPLC-UV/Vis
SMP-00043,10.41,15760.2,3711.0,3879.3,0.0154,Salicylic Acid,HPLC-UV/Vis
SMP-00043,12.19,56187.1,10331.2,10539.3,0.0542,Chlorpheniramine,HPLC-UV/Vis
SMP-00044,1.22,10648.9,2902.4,3005.3,0.0108,Uracil,HPLC-UV/Vis
SMP-00044,2.79,50217.9,9750.3,10146.2,0.05,Acetaminophen,HPLC-UV/Vis
SMP-00044,4.11,71559.1,11518.6,11877.2,0.0693,Caffeine,HPLC-UV/Vis
SMP-00044,5.6,18119.6,3860.6,4007.9,0.0183,Aspirin,HPLC-UV/Vis
SMP-00044,7.2,74291.1,12607.1,12961.3,0.0737,Benzoic Acid,HPLC-UV/Vis
SMP-00044,8.96,31809.1,6646.2,6863.1,0.0323,Phenacetin,HPLC-UV/Vis
SMP-00044,10.42,16959.2,4039.4,4014.5,0.0174,Salicylic Acid,HPLC-UV/Vis
SMP-00044,12.05,50331.9,9328.0,9555.6,0.0498,Chlorpheniramine,HPLC-UV/Vis
SMP-00045,1.22,11456.8,2965.0,3077.1,0.0116,Uracil,HPLC-UV/Vis
SMP-00045,2.81,48041.6,9266.8,9556.4,0.0481,Acetaminophen,HPLC-UV/Vis
SMP-00045,4.17,94152.7,15324.4,15536.2,0.0943,Caffeine,HPLC-UV/Vis
SMP-00045,5.61,28197.1,6145.6,6381.8,0.0287,Aspirin,HPLC-UV/Vis
SMP-00045,7.27,64852.1,10886.3,11038.9,0.0644,Benzoic Acid,HPLC-UV/Vis
SMP-00045,8.98,32196.0,6846.5,7038.9,0.032,Phenacetin,HPLC-UV/Vis
SMP-00045,10.41,14478.3,3447.6,3486.1,0.0148,Salicylic Acid,HPLC-UV/Vis
SMP-00045,12.1,53856.7,9953.4,10083.5,0.0527,Chlorpheniramine,HPLC-UV/Vis
SMP-00046,1.27,12864.5,3228.8,3369.4,0.0127,Uracil,HPLC-UV/Vis
SMP-00046,2.77,51759.5,10227.6,10658.2,0.0529,Acetaminophen,HPLC-UV/Vis
SMP-00046,4.1,82614.4,13161.5,13332.4,0.0807,Caffeine,HPLC-UV/Vis
SMP-00046,5.56,23873.9,5279.1,5488.3,0.0241,Aspirin,HPLC-UV/Vis
SMP-00046,7.19,81696.6,13655.4,13556.4,0.0803,Benzoic Acid,HPLC-UV/Vis
SMP-00046,8.95,30820.4,6232.6,6670.2,0.0312,Phenacetin,HPLC-UV/Vis
SMP-00046,10.37,14042.0,3424.7,3539.3,0.0135,Salicylic Acid,HPLC-UV/Vis
SMP-00046,12.1,53034.8,9350.6,9530.2,0.0528,Chlorpheniramine,HPLC-UV/Vis
SMP-00047,1.27,13796.2,3517.7,3591.2,0.014,Uracil,HPLC-UV/Vis
SMP-00047,2.79,49420.2,9865.4,10416.3,0.051,Acetaminophen,HPLC-UV/Vis
SMP-00047,4.15,89301.4,14473.9,14720.2,0.0867,Caffeine,HPLC-UV/Vis
SMP-00047,5.58,23298.6,5022.7,5062.9,0.0234,Aspirin,HPLC-UV/Vis
SMP-00047,7.22,82132.8,13742.3,14287.9,0.0807,Benzoic Acid,HPLC-UV/Vis
SMP-00047,9.0,28319.1,5609.0,5772.9,0.0283,Phenacetin,HPLC-UV/Vis
SMP-00047,10.39,17518.6,4175.5,4184.4,0.0178,Salicylic Acid,HPLC-UV/Vis
SMP-00047,12.08,45625.4,8031.0,8263.2,0.0469,Chlorpheniramine,HPLC-UV/Vis
SMP-00048,1.25,13291.1,3187.5,3349.1,0.013,Uracil,HPLC-UV/Vis
SMP-00048,2.81,50767.6,10012.8,9837.1,0.05,Acetaminophen,HPLC-UV/Vis
SMP-00048,4.14,93461.1,15536.1,16191.3,0.0931,Caffeine,HPLC-UV/Vis
SMP-00048,5.59,24061.8,5145.8,5365.2,0.0245,Aspirin,HPLC-UV/Vis
SMP-00048,7.11,58785.8,10403.0,10601.4,0.0561,Benzoic Acid,HPLC-UV/Vis
SMP-00048,8.95,34647.9,7160.9,7441.4,0.0349,Phenacetin,HPLC-UV/Vis
SMP-00048,10.47,17115.5,3989.0,4144.3,0.0175,Salicylic Acid,HPLC-UV/Vis
SMP-00048,12.09,60515.0,11215.1,12128.6,0.0597,Chlorpheniramine,HPLC-UV/Vis
SMP-00049,1.24,11840.1,2957.8,2883.1,0.0118,Uracil,HPLC-UV/Vis
SMP-00049,2.79,54664.3,10626.5,11219.7,0.0549,Acetaminophen,HPLC-UV/Vis
SMP-00049,4.16,101410.5,16509.3,17168.4,0.1021,Caffeine,HPLC-UV/Vis
SMP-00049,5.61,28261.4,6198.5,6436.5,0.0288,Aspirin,HPLC-UV/Vis
SMP-00049,7.2,51336.0,8704.8,8579.6,0.0533,Benzoic Acid,HPLC-UV/Vis
SMP-00049,8.98,28385.8,5525.0,5719.6,0.0284,Phenacetin,HPLC-UV/Vis
SMP-00049,10.4,19918.1,4947.0,5199.3,0.0202,Salicylic Acid,HPLC-UV/Vis
SMP-00049,12.09,43063.9,7731.4,8088.8,0.042,Chlorpheniramine,HPLC-UV/Vis
SMP-00050,1.23,14320.6,3752.7,3914.2,0.0145,Uracil,HPLC-UV/Vis
SMP-00050,2.81,40372.0,7261.7,7501.4,0.0407,Acetaminophen,HPLC-UV/Vis
SMP-00050,4.2,103205.3,16342.6,16717.7,0.1041,Caffeine,HPLC-UV/Vis
SMP-00050,5.64,25685.8,5611.9,5681.1,0.0261,Aspirin,HPLC-UV/Vis
SMP-00050,7.19,66626.5,11607.5,11873.4,0.0633,Benzoic Acid,HPLC-UV/Vis
SMP-00050,8.93,31333.4,6411.1,6568.4,0.0318,Phenacetin,HPLC-UV/Vis
SMP-00050,10.38,16667.8,3990.1,3981.5,0.0169,Salicylic Acid,HPLC-UV/Vis
SMP-00050,12.1,43572.9,8086.4,8060.6,0.0439,Chlorpheniramine,HPLC-UV/Vis
SMP-00051,1.22,11900.3,3041.1,3093.1,0.0121,Uracil,HPLC-UV/Vis
SMP-00051,2.83,47088.0,8964.4,9078.1,0.0456,Acetaminophen,HPLC-UV/Vis
SMP-00051,4.14,68040.6,10827.4,10957.1,0.0709,Caffeine,HPLC-UV/Vis
SMP-00051,5.56,25664.0,5874.0,5962.7,0.0254,Aspirin,HPLC-UV/Vis
SMP-00051,7.13,54855.6,9021.8,9572.1,0.0543,Benzoic Acid,HPLC-UV/Vis
SMP-00051,8.98,37774.0,7638.2,7864.8,0.0389,Phenacetin,HPLC-UV/Vis
SMP-00051,10.43,14012.1,3424.9,3511.0,0.0137,Salicylic Acid,HPLC-UV/Vis
SMP-00051,12.05,48872.4,8918.4,9363.5,0.0487,Chlorpheniramine,HPLC-UV/Vis
SMP-00052,1.27,11240.8,2960.2,3097.5,0.0119,Uracil,HPLC-UV/Vis
SMP-00052,2.79,49322.1,9803.5,9992.7,0.049,Acetaminophen,HPLC-UV/Vis
SMP-00052,4.13,85538.8,13943.9,14640.0,0.0845,Caffeine,HPLC-UV/Vis
SMP-00052,5.54,20190.8,4257.0,4371.6,0.0196,Aspirin,HPLC-UV/Vis
SMP-00052,7.18,64431.1,11151.8,11634.0,0.0645,Benzoic Acid,HPLC-UV/Vis
SMP-00052,8.94,32223.0,6722.4,6802.1,0.0322,Phenacetin,HPLC-UV/Vis
SMP-00052,10.41,16789.7,4057.9,4327.1,0.0165,Salicylic Acid,HPLC-UV/Vis
SMP-00052,12.1,53657.3,9668.7,9979.5,0.0546,Chlorpheniramine,HPLC-UV/Vis
SMP-00053,1.25,13465.6,3393.6,3547.4,0.0133,Uracil,HPLC-UV/Vis
SMP-00053,2.87,45241.1,8206.3,8362.5,0.0464,Acetaminophen,HPLC-UV/Vis
SMP-00053,4.16,98198.2,16173.5,17052.6,0.0998,Caffeine,HPLC-UV/Vis
SMP-00053,5.61,25191.1,5515.0,5614.1,0.026,Aspirin,HPLC-UV/Vis
SMP-00053,7.22,68234.1,11142.3,11479.0,0.0702,Benzoic Acid,HPLC-UV/Vis
SMP-00053,8.9,30528.8,6605.0,6774.9,0.0294,Phenacetin,HPLC-UV/Vis
SMP-00053,10.42,15491.5,3731.2,3924.0,0.0153,Salicylic Acid,HPLC-UV/Vis
SMP-00053,12.12,55527.1,10083.2,10350.4,0.0567,Chlorpheniramine,HPLC-UV/Vis
SMP-00054,1.2,13215.5,3457.3,3594.3,0.0134,Uracil,HPLC-UV/Vis
SMP-00054,2.82,45591.5,8729.8,8937.2,0.0474,Acetaminophen,HPLC-UV/Vis
SMP-00054,4.16,74223.0,12018.4,12274.7,0.0705,Caffeine,HPLC-UV/Vis
SMP-00054,5.59,18250.8,4158.1,4402.2,0.0189,Aspirin,HPLC-UV/Vis
SMP-00054,7.2,76351.9,13253.8,13951.9,0.0751,Benzoic Acid,HPLC-UV/Vis
SMP-00054,8.96,25554.3,5332.4,5734.8,0.026,Phenacetin,HPLC-UV/Vis
SMP-00054,10.41,15486.5,3815.8,3868.1,0.0152,Salicylic Acid,HPLC-UV/Vis
SMP-00054,12.14,48829.0,9113.9,9371.4,0.0492,Chlorpheniramine,HPLC-UV/Vis
SMP-00055,1.28,12553.5,3362.0,3483.6,0.0128,Uracil,HPLC-UV/Vis
SMP-00055,2.86,47952.0,9508.9,9488.4,0.0472,Acetaminophen,HPLC-UV/Vis
SMP-00055,4.16,72129.7,12176.8,12409.7,0.0746,Caffeine,HPLC-UV/Vis
SMP-00055,5.61,25823.4,5564.3,5620.7,0.0257,Aspirin,HPLC-UV/Vis
SMP-00055,7.16,56157.5,9609.3,9781.7,0.0556,Benzoic Acid,HPLC-UV/Vis
SMP-00055,8.93,31176.8,6574.3,6670.1,0.0322,Phenacetin,HPLC-UV/Vis
SMP-00055,10.38,17999.1,4408.5,4492.1,0.0179,Salicylic Acid,HPLC-UV/Vis
SMP-00055,12.14,49773.8,8987.6,9273.5,0.0487,Chlorpheniramine,HPLC-UV/Vis
SMP-00056,1.25,13870.1,3680.9,3767.1,0.0139,Uracil,HPLC-UV/Vis
SMP-00056,2.78,48496.2,9400.8,9500.6,0.0476,Acetaminophen,HPLC-UV/Vis
SMP-00056,4.15,103832.9,16655.3,17252.0,0.1081,Caffeine,HPLC-UV/Vis
SMP-00056,5.54,109502.5,22550.8,25373.8,0.1084,Aspirin,HPLC-UV/Vis
SMP-00056,7.17,62681.5,10299.9,10314.6,0.0621,Benzoic Acid,HPLC-UV/Vis
SMP-00056,8.94,30353.7,6223.0,6328.1,0.0308,Phenacetin,HPLC-UV/Vis
SMP-00056,10.39,16357.6,3957.3,4104.9,0.0168,Salicylic Acid,HPLC-UV/Vis
SMP-00056,12.05,56661.6,10608.0,10879.3,0.0577,Chlorpheniramine,HPLC-UV/Vis
SMP-00057,1.21,12626.3,3076.6,3154.2,0.013,Uracil,HPLC-UV/Vis
SMP-00057,2.76,41073.5,7964.9,8145.6,0.0424,Acetaminophen,HPLC-UV/Vis
SMP-00057,4.16,90499.8,14882.4,15072.3,0.092,Caffeine,HPLC-UV/Vis
SMP-00057,5.63,25840.0,5737.5,5889.4,0.026,Aspirin,HPLC-UV/Vis
SMP-00057,7.21,66636.1,11056.8,11544.8,0.0665,Benzoic Acid,HPLC-UV/Vis
SMP-00057,8.95,31411.2,6465.8,6680.7,0.0321,Phenacetin,HPLC-UV/Vis
SMP-00057,10.41,17613.1,4092.6,4230.1,0.0174,Salicylic Acid,HPLC-UV/Vis
SMP-00057,12.07,53281.9,10175.8,10223.7,0.052,Chlorpheniramine,HPLC-UV/Vis
SMP-00058,1.3,11874.9,3049.7,3116.6,0.0117,Uracil,HPLC-UV/Vis
SMP-00058,2.87,52175.9,9911.7,10337.4,0.0514,Acetaminophen,HPLC-UV/Vis
SMP-00058,4.18,99548.9,16637.4,16980.2,0.0993,Caffeine,HPLC-UV/Vis
SMP-00058,5.57,24004.4,5239.7,5227.3,0.0241,Aspirin,HPLC-UV/Vis
SMP-00058,7.16,71705.3,12027.7,12568.9,0.0729,Benzoic Acid,HPLC-UV/Vis
SMP-00058,8.9,29535.8,6229.7,6349.1,0.0291,Phenacetin,HPLC-UV/Vis
SMP-00058,10.45,16888.9,4201.8,4409.1,0.0171,Salicylic Acid,HPLC-UV/Vis
SMP-00058,12.1,51883.5,10156.2,10573.8,0.0514,Chlorpheniramine,HPLC-UV/Vis
SMP-00059,1.22,14323.7,3618.1,3762.9,0.0146,Uracil,HPLC-UV/Vis
SMP-00059,2.8,45849.7,8894.9,9059.2,0.0454,Acetaminophen,HPLC-UV/Vis
SMP-00059,4.15,82191.4,13136.2,13819.4,0.0834,Caffeine,HPLC-UV/Vis
SMP-00059,5.59,24424.5,5294.3,5425.6,0.0249,Aspirin,HPLC-UV/Vis
SMP-00059,7.17,61633.8,10279.1,10942.3,0.0591,Benzoic Acid,HPLC-UV/Vis
SMP-00059,8.91,146106.3,25136.6,25059.2,0.1444,Phenacetin,HPLC-UV/Vis
SMP-00059,10.42,16775.2,4182.4,4179.0,0.0169,Salicylic Acid,HPLC-UV/Vis
SMP-00059,12.07,54250.6,9775.4,10428.8,0.0563,Chlorpheniramine,HPLC-UV/Vis
SMP-00060,1.32,11311.0,3001.4,3149.7,0.0111,Uracil,HPLC-UV/Vis
SMP-00060,2.8,48339.0,9455.4,9965.3,0.0484,Acetaminophen,HPLC-UV/Vis
SMP-00060,4.18,94378.0,15660.1,15921.8,0.0925,Caffeine,HPLC-UV/Vis
SMP-00060,5.58,24916.1,5650.6,5802.6,0.0256,Aspirin,HPLC-UV/Vis
SMP-00060,7.21,61860.5,10809.6,11120.7,0.062,Benzoic Acid,HPLC-UV/Vis
SMP-00060,8.92,26618.2,5582.0,5662.0,0.0285,Phenacetin,HPLC-UV/Vis
SMP-00060,10.36,16396.6,4168.4,4298.9,0.0166,Salicylic Acid,HPLC-UV/Vis
SMP-00060,12.08,48381.8,8191.2,8456.1,0.0459,Chlorpheniramine,HPLC-UV/Vis
SMP-00061,1.23,11415.5,2972.1,3079.5,0.0117,Uracil,HPLC-UV/Vis
SMP-00061,2.83,45791.4,8979.7,9341.0,0.0459,Acetaminophen,HPLC-UV/Vis
SMP-00061,4.14,81908.1,13498.1,13877.7,0.0807,Caffeine,HPLC-UV/Vis
SMP-00061,5.56,25361.1,5611.6,5683.1,0.0257,Aspirin,HPLC-UV/Vis
SMP-00061,7.16,74283.1,12164.2,12429.6,0.0743,Benzoic Acid,HPLC-UV/Vis
SMP-00061,8.95,27459.1,5737.4,5853.9,0.0286,Phenacetin,HPLC-UV/Vis
SMP-00061,10.33,16158.2,4157.7,4413.5,0.0167,Salicylic Acid,HPLC-UV/Vis
SMP-00061,12.13,50287.6,9158.9,9200.5,0.0496,Chlorpheniramine,HPLC-UV/Vis
SMP-00062,1.28,13447.4,3482.9,3493.3,0.0134,Uracil,HPLC-UV/Vis
SMP-00062,2.83,51196.3,10231.1,10383.5,0.0487,Acetaminophen,HPLC-UV/Vis
SMP-00062,4.19,85621.6,13591.8,14446.1,0.0879,Caffeine,HPLC-UV/Vis
SMP-00062,5.59,22794.8,5067.7,5381.9,0.023,Aspirin,HPLC-UV/Vis
SMP-00062,7.24,59516.5,10144.3,10388.9,0.0561,Benzoic Acid,HPLC-UV/Vis
SMP-00062,8.92,32857.8,6762.4,6990.2,0.0341,Phenacetin,HPLC-UV/Vis
SMP-00062,10.4,16075.6,3832.0,3949.1,0.0156,Salicylic Acid,HPLC-UV/Vis
SMP-00062,12.08,65211.3,11781.9,12377.7,0.0652,Chlorpheniramine,HPLC-UV/Vis
SMP-00063,1.23,12598.8,3268.7,3315.5,0.0126,Uracil,HPLC-UV/Vis
SMP-00063,2.87,45389.2,9233.1,9474.0,0.0456,Acetaminophen,HPLC-UV/Vis
SMP-00063,4.14,91078.8,15495.4,16029.1,0.0935,Caffeine,HPLC-UV/Vis
SMP-00063,5.65,22963.6,5435.9,5546.2,0.0226,Aspirin,HPLC-UV/Vis
SMP-00063,7.27,72923.2,12006.4,12666.5,0.0739,Benzoic Acid,HPLC-UV/Vis
SMP-00063,8.9,30372.5,6141.8,6083.7,0.031,Phenacetin,HPLC-UV/Vis
SMP-00063,10.42,19282.1,4656.7,4757.2,0.0193,Salicylic Acid,HPLC-UV/Vis
SMP-00063,12.08,50781.0,9493.1,9849.7,0.0486,Chlorpheniramine,HPLC-UV/Vis
SMP-00064,1.3,12950.9,3255.5,3342.1,0.013,Uracil,HPLC-UV/Vis
SMP-00064,2.76,41948.6,8224.8,8455.1,0.0425,Acetaminophen,HPLC-UV/Vis
SMP-00064,4.16,98937.8,16294.8,16829.0,0.0988,Caffeine,HPLC-UV/Vis
SMP-00064,5.6,26009.9,5724.6,5794.4,0.0258,Aspirin,HPLC-UV/Vis
SMP-00064,7.19,70671.0,11920.1,12489.6,0.0726,Benzoic Acid,HPLC-UV/Vis
SMP-00064,8.92,28381.3,5807.6,5929.5,0.0277,Phenacetin,HPLC-UV/Vis
SMP-00064,10.39,14552.6,3508.9,3696.8,0.0146,Salicylic Acid,HPLC-UV/Vis
SMP-00064,12.11,52628.7,9517.5,9851.9,0.0531,Chlorpheniramine,HPLC-UV/Vis
SMP-00065,1.22,13520.1,3494.9,3490.0,0.0138,Uracil,HPLC-UV/Vis
SMP-00065,2.77,45759.3,8431.8,8472.4,0.0467,Acetaminophen,HPLC-UV/Vis
SMP-00065,4.12,91247.6,14605.7,14906.3,0.0926,Caffeine,HPLC-UV/Vis
SMP-00065,5.57,23455.9,5327.2,5618.9,0.0231,Aspirin,HPLC-UV/Vis
SMP-00065,7.18,79708.8,12865.3,13593.1,0.0788,Benzoic Acid,HPLC-UV/Vis
SMP-00065,8.97,98106.4,21378.5,18137.8,0.1004,Phenacetin,HPLC-UV/Vis
SMP-00065,10.36,14332.4,3518.1,3709.1,0.0148,Salicylic Acid,HPLC-UV/Vis
SMP-00065,12.11,58259.5,10338.4,10616.9,0.0574,Chlorpheniramine,HPLC-UV/Vis
SMP-00066,1.26,12681.5,3325.5,3461.6,0.0128,Uracil,HPLC-UV/Vis
SMP-00066,2.8,47691.3,9074.0,9413.3,0.0483,Acetaminophen,HPLC-UV/Vis
SMP-00066,4.15,83638.2,13366.9,13467.2,0.0859,Caffeine,HPLC-UV/Vis
SMP-00066,5.62,27655.8,6077.2,6628.0,0.0276,Aspirin,HPLC-UV/Vis
SMP-00066,7.19,69909.6,11898.6,12228.5,0.0723,Benzoic Acid,HPLC-UV/Vis
SMP-00066,8.96,28364.3,5899.1,6060.2,0.028,Phenacetin,HPLC-UV/Vis
SMP-00066,10.48,15189.7,3534.0,3590.6,0.0152,Salicylic Acid,HPLC-UV/Vis
SMP-00066,12.12,57868.2,10274.1,10652.3,0.0569,Chlorpheniramine,HPLC-UV/Vis
SMP-00067,1.22,10970.9,2922.0,3049.9,0.0113,Uracil,HPLC-UV/Vis
SMP-00067,2.82,37733.5,7563.2,7816.9,0.0383,Acetaminophen,HPLC-UV/Vis
SMP-00067,4.12,75838.2,12018.3,12514.6,0.0771,Caffeine,HPLC-UV/Vis
SMP-00067,5.57,21429.3,4676.8,4689.7,0.0208,Aspirin,HPLC-UV/Vis
SMP-00067,7.2,59442.9,9839.5,10343.0,0.0577,Benzoic Acid,HPLC-UV/Vis
SMP-00067,8.98,29895.4,6022.6,6343.5,0.0297,Phenacetin,HPLC-UV/Vis
SMP-00067,10.41,15065.8,3724.6,3860.2,0.0154,Salicylic Acid,HPLC-UV/Vis
SMP-00067,12.1,53867.5,9947.3,10041.8,0.055,Chlorpheniramine,HPLC-UV/Vis
SMP-00068,1.21,13954.8,3801.2,3991.4,0.0144,Uracil,HPLC-UV/Vis
SMP-00068,2.75,37354.1,7327.2,7460.2,0.0365,Acetaminophen,HPLC-UV/Vis
SMP-00068,4.17,76242.1,12198.4,12932.7,0.0743,Caffeine,HPLC-UV/Vis
SMP-00068,5.59,24360.8,5546.6,5795.2,0.0248,Aspirin,HPLC-UV/Vis
SMP-00068,7.23,61652.9,10332.9,10696.3,0.0623,Benzoic Acid,HPLC-UV/Vis
SMP-00068,8.92,26988.8,5704.0,5896.3,0.0277,Phenacetin,HPLC-UV/Vis
SMP-00068,10.36,17107.9,4125.1,4277.1,0.0169,Salicylic Acid,HPLC-UV/Vis
SMP-00068,12.07,52372.0,9501.5,9579.0,0.0527,Chlorpheniramine,HPLC-UV/Vis
SMP-00069,1.24,12942.5,3062.6,3152.1,0.0129,Uracil,HPLC-UV/Vis
SMP-00069,2.83,44306.0,8562.6,8754.9,0.0426,Acetaminophen,HPLC-UV/Vis
SMP-00069,4.18,70379.9,11107.4,11351.8,0.0735,Caffeine,HPLC-UV/Vis
SMP-00069,5.58,26113.4,5652.3,5936.0,0.0255,Aspirin,HPLC-UV/Vis
SMP-00069,7.19,60468.0,9975.8,10330.4,0.0598,Benzoic Acid,HPLC-UV/Vis
SMP-00069,8.93,165679.9,36980.2,33154.0,0.1643,Phenacetin,HPLC-UV/Vis
SMP-00069,10.43,17123.3,4523.2,4705.6,0.0173,Salicylic Acid,HPLC-UV/Vis
SMP-00069,12.07,51794.9,9216.7,9612.6,0.0516,Chlorpheniramine,HPLC-UV/Vis
SMP-00070,1.28,13525.2,3460.8,3518.2,0.0139,Uracil,HPLC-UV/Vis
SMP-00070,2.75,44365.9,8665.9,9060.8,0.0452,Acetaminophen,HPLC-UV/Vis
SMP-00070,4.17,89772.9,14300.1,14654.4,0.0898,Caffeine,HPLC-UV/Vis
SMP-00070,5.54,22181.8,4906.2,5025.7,0.0221,Aspirin,HPLC-UV/Vis
SMP-00070,7.17,56427.1,9260.3,9679.6,0.0587,Benzoic Acid,HPLC-UV/Vis
SMP-00070,8.91,30475.4,6301.1,6512.5,0.0308,Phenacetin,HPLC-UV/Vis
SMP-00070,10.4,16256.4,4054.1,4110.4,0.0161,Salicylic Acid,HPLC-UV/Vis
SMP-00070,12.08,51358.5,8986.9,9286.2,0.0513,Chlorpheniramine,HPLC-UV/Vis
SMP-00071,1.26,11294.7,2949.7,2962.5,0.0113,Uracil,HPLC-UV/Vis
SMP-00071,2.81,46371.3,8943.3,8936.8,0.045,Acetaminophen,HPLC-UV/Vis
SMP-00071,4.15,83775.2,13890.2,14229.3,0.0821,Caffeine,HPLC-UV/Vis
SMP-00071,5.61,23850.5,5553.4,5645.7,0.0238,Aspirin,HPLC-UV/Vis
SMP-00071,7.2,64025.9,10119.5,10319.7,0.0626,Benzoic Acid,HPLC-UV/Vis
SMP-00071,8.93,27933.4,5842.4,6087.9,0.0274,Phenacetin,HPLC-UV/Vis
SMP-00071,10.34,14829.5,3657.8,3827.9,0.0146,Salicylic Acid,HPLC-UV/Vis
SMP-00071,12.05,47438.6,8786.5,9343.8,0.048,Chlorpheniramine,HPLC-UV/Vis
SMP-00072,1.2,12400.3,2976.4,2945.3,0.0125,Uracil,HPLC-UV/Vis
SMP-00072,2.77,46100.3,8989.5,9428.9,0.0462,Acetaminophen,HPLC-UV/Vis
SMP-00072,4.15,88172.0,14795.9,14950.3,0.0932,Caffeine,HPLC-UV/Vis
SMP-00072,5.61,24313.0,5655.3,5914.6,0.0236,Aspirin,HPLC-UV/Vis
SMP-00072,7.19,68122.3,10891.0,11332.3,0.0672,Benzoic Acid,HPLC-UV/Vis
SMP-00072,8.94,37206.5,8013.2,8261.1,0.0372,Phenacetin,HPLC-UV/Vis
SMP-00072,10.43,15087.6,3627.2,3807.0,0.0149,Salicylic Acid,HPLC-UV/Vis
SMP-00072,12.05,58017.7,11061.4,11552.8,0.0596,Chlorpheniramine,HPLC-UV/Vis
SMP-00073,1.26,11276.2,2876.4,3007.1,0.0113,Uracil,HPLC-UV/Vis
SMP-00073,2.76,39474.4,7802.3,8358.5,0.0407,Acetaminophen,HPLC-UV/Vis
SMP-00073,4.19,97553.6,15185.8,15549.3,0.0995,Caffeine,HPLC-UV/Vis
SMP-00073,5.56,24510.8,5084.7,5214.6,0.025,Aspirin,HPLC-UV/Vis
SMP-00073,7.19,73394.3,12524.5,13228.4,0.0746,Benzoic Acid,HPLC-UV/Vis
SMP-00073,8.97,32028.9,6587.6,6754.0,0.0313,Phenacetin,HPLC-UV/Vis
SMP-00073,10.39,15977.4,4056.2,4174.5,0.0163,Salicylic Acid,HPLC-UV/Vis
SMP-00073,12.09,57424.2,10311.8,10893.9,0.0581,Chlorpheniramine,HPLC-UV/Vis
SMP-00074,1.25,14502.5,3710.1,3854.6,0.0147,Uracil,HPLC-UV/Vis
SMP-00074,2.82,39416.4,7492.8,7878.8,0.0397,Acetaminophen,HPLC-UV/Vis
SMP-00074,4.16,443323.9,63004.9,64650.6,0.4368,Caffeine,HPLC-UV/Vis
SMP-00074,5.65,23988.7,5094.0,5089.9,0.0239,Aspirin,HPLC-UV/Vis
SMP-00074,7.19,76209.3,12783.0,13287.0,0.0744,Benzoic Acid,HPLC-UV/Vis
SMP-00074,8.94,33893.3,6796.6,7024.6,0.0341,Phenacetin,HPLC-UV/Vis
SMP-00074,10.41,15185.1,3625.0,3850.1,0.0155,Salicylic Acid,HPLC-UV/Vis
SMP-00074,12.12,50175.5,8724.4,9166.5,0.0483,Chlorpheniramine,HPLC-UV/Vis
SMP-00075,1.24,12187.1,3171.7,3303.8,0.012,Uracil,HPLC-UV/Vis
SMP-00075,2.8,40047.4,7737.1,8183.0,0.0416,Acetaminophen,HPLC-UV/Vis
SMP-00075,4.11,93577.1,15581.7,16275.3,0.095,Caffeine,HPLC-UV/Vis
SMP-00075,5.6,21694.7,4499.6,4665.2,0.0218,Aspirin,HPLC-UV/Vis
SMP-00075,7.16,71747.5,12613.6,13011.8,0.0717,Benzoic Acid,HPLC-UV/Vis
SMP-00075,9.01,28006.6,5784.3,5865.4,0.0277,Phenacetin,HPLC-UV/Vis
SMP-00075,10.44,18410.4,4535.7,4637.6,0.0192,Salicylic Acid,HPLC-UV/Vis
SMP-00075,12.08,44580.5,8471.5,8889.7,0.0472,Chlorpheniramine,HPLC-UV/Vis
SMP-00076,1.29,12537.8,3299.9,3290.2,0.013,Uracil,HPLC-UV/Vis
SMP-00076,2.8,48754.8,9270.2,9440.9,0.0483,Acetaminophen,HPLC-UV/Vis
SMP-00076,4.15,72674.3,12188.6,12844.7,0.0714,Caffeine,HPLC-UV/Vis
SMP-00076,5.59,23858.3,5171.7,5235.5,0.0243,Aspirin,HPLC-UV/Vis
SMP-00076,7.26,67712.2,10941.5,11538.2,0.0686,Benzoic Acid,HPLC-UV/Vis
SMP-00076,8.99,29163.6,5958.2,6116.6,0.0284,Phenacetin,HPLC-UV/Vis
SMP-00076,10.44,15971.0,3736.9,3732.8,0.0165,Salicylic Acid,HPLC-UV/Vis
SMP-00076,12.08,52715.8,9097.7,9629.6,0.0523,Chlorpheniramine,HPLC-UV/Vis
SMP-00077,1.25,14230.3,3682.2,3855.5,0.0145,Uracil,HPLC-UV/Vis
SMP-00077,2.81,44733.7,9204.6,9313.8,0.0447,Acetaminophen,HPLC-UV/Vis
SMP-00077,4.16,85369.9,14014.4,14387.5,0.0825,Caffeine,HPLC-UV/Vis
SMP-00077,5.57,19093.6,4236.7,4405.1,0.0193,Aspirin,HPLC-UV/Vis
SMP-00077,7.14,58226.8,10339.5,10433.1,0.0591,Benzoic Acid,HPLC-UV/Vis
SMP-00077,8.95,29224.6,6103.0,6302.8,0.0289,Phenacetin,HPLC-UV/Vis
SMP-00077,10.41,13708.8,3388.1,3667.7,0.0141,Salicylic Acid,HPLC-UV/Vis
SMP-00077,12.1,43692.7,7511.7,7929.8,0.0428,Chlorpheniramine,HPLC-UV/Vis
SMP-00078,1.25,11128.2,2742.5,2822.0,0.0109,Uracil,HPLC-UV/Vis
SMP-00078,2.78,48192.6,9303.3,9549.2,0.0487,Acetaminophen,HPLC-UV/Vis
SMP-00078,4.14,93397.3,15473.0,15891.7,0.0935,Caffeine,HPLC-UV/Vis
SMP-00078,5.57,24876.7,5560.7,5778.1,0.025,Aspirin,HPLC-UV/Vis
SMP-00078,7.22,73702.7,12554.4,12905.7,0.0756,Benzoic Acid,HPLC-UV/Vis
SMP-00078,8.97,32080.5,6628.5,6729.8,0.0325,Phenacetin,HPLC-UV/Vis
SMP-00078,10.39,15711.5,3776.3,3852.7,0.0162,Salicylic Acid,HPLC-UV/Vis
SMP-00078,12.09,45596.5,8022.0,7988.6,0.0463,Chlorpheniramine,HPLC-UV/Vis
SMP-00079,1.24,10375.3,2753.1,2795.7,0.0107,Uracil,HPLC-UV/Vis
SMP-00079,2.78,44985.2,8944.3,9172.0,0.0445,Acetaminophen,HPLC-UV/Vis
SMP-00079,4.15,77855.8,12828.7,12755.1,0.0771,Caffeine,HPLC-UV/Vis
SMP-00079,5.61,24463.6,5391.4,5679.3,0.0249,Aspirin,HPLC-UV/Vis
SMP-00079,7.23,72458.0,11893.7,11930.8,0.073,Benzoic Acid,HPLC-UV/Vis
SMP-00079,8.98,28279.0,5627.2,5847.7,0.0282,Phenacetin,HPLC-UV/Vis
SMP-00079,10.41,12710.8,2988.5,3158.9,0.0133,Salicylic Acid,HPLC-UV/Vis
SMP-00079,12.09,54431.9,10366.1,10574.9,0.0539,Chlorpheniramine,HPLC-UV/Vis
SMP-00080,1.24,13349.7,3289.4,3376.8,0.013,Uracil,HPLC-UV/Vis
SMP-00080,2.83,45571.6,8770.8,8902.6,0.0454,Acetaminophen,HPLC-UV/Vis
SMP-00080,4.18,65784.3,10331.9,10674.7,0.0656,Caffeine,HPLC-UV/Vis
SMP-00080,5.61,22395.8,4864.2,4986.2,0.0229,Aspirin,HPLC-UV/Vis
SMP-00080,7.2,68635.8,11930.5,12216.7,0.0699,Benzoic Acid,HPLC-UV/Vis
SMP-00080,8.95,30542.9,6202.4,6356.8,0.0311,Phenacetin,HPLC-UV/Vis
SMP-00080,10.41,13845.3,3262.3,3500.0,0.0138,Salicylic Acid,HPLC-UV/Vis
SMP-00080,12.14,55728.3,10246.8,10525.9,0.0554,Chlorpheniramine,HPLC-UV/Vis
SMP-00081,1.21,12341.0,3200.4,3414.8,0.0124,Uracil,HPLC-UV/Vis
SMP-00081,2.8,58347.2,11570.0,11729.5,0.0589,Acetaminophen,HPLC-UV/Vis
SMP-00081,4.11,86093.3,14034.9,13930.4,0.084,Caffeine,HPLC-UV/Vis
SMP-00081,5.59,24012.0,5115.8,5342.4,0.0235,Aspirin,HPLC-UV/Vis
SMP-00081,7.15,60036.3,10117.3,10757.6,0.0605,Benzoic Acid,HPLC-UV/Vis
SMP-00081,8.95,27998.0,5649.4,5682.0,0.0272,Phenacetin,HPLC-UV/Vis
SMP-00081,10.39,13848.5,3409.8,3423.3,0.0139,Salicylic Acid,HPLC-UV/Vis
SMP-00081,12.14,55955.5,10481.2,10637.2,0.056,Chlorpheniramine,HPLC-UV/Vis
SMP-00082,1.24,12124.2,3046.5,3063.9,0.0118,Uracil,HPLC-UV/Vis
SMP-00082,2.77,48674.1,9032.1,9055.9,0.0503,Acetaminophen,HPLC-UV/Vis
SMP-00082,4.16,94930.3,15719.8,15712.8,0.0945,Caffeine,HPLC-UV/Vis
SMP-00082,5.67,19415.8,4126.5,4164.5,0.0187,Aspirin,HPLC-UV/Vis
SMP-00082,7.27,64193.5,10224.2,10073.5,0.0639,Benzoic Acid,HPLC-UV/Vis
SMP-00082,8.93,31891.1,6618.1,6859.4,0.0317,Phenacetin,HPLC-UV/Vis
SMP-00082,10.42,15620.2,3906.2,4085.1,0.0152,Salicylic Acid,HPLC-UV/Vis
SMP-00082,12.08,48475.8,8987.5,9320.2,0.0497,Chlorpheniramine,HPLC-UV/Vis
SMP-00083,1.26,13944.2,3629.1,3742.9,0.0144,Uracil,HPLC-UV/Vis
SMP-00083,2.79,41963.0,8342.4,8799.1,0.0419,Acetaminophen,HPLC-UV/Vis
SMP-00083,4.09,88706.2,14402.3,14625.0,0.093,Caffeine,HPLC-UV/Vis
SMP-00083,5.59,23160.0,4807.1,4878.3,0.0236,Aspirin,HPLC-UV/Vis
SMP-00083,7.18,76226.3,13117.9,13647.1,0.0756,Benzoic Acid,HPLC-UV/Vis
SMP-00083,8.93,28096.7,5563.3,5661.4,0.0275,Phenacetin,HPLC-UV/Vis
SMP-00083,10.41,15966.7,4083.3,4151.2,0.0161,Salicylic Acid,HPLC-UV/Vis
SMP-00083,12.09,58235.3,10758.0,11151.2,0.058,Chlorpheniramine,HPLC-UV/Vis
SMP-00084,1.21,11447.1,2882.5,2904.2,0.0116,Uracil,HPLC-UV/Vis
SMP-00084,2.77,47098.4,8876.6,9088.7,0.0465,Acetaminophen,HPLC-UV/Vis
SMP-00084,4.13,98224.9,15860.2,16130.0,0.096,Caffeine,HPLC-UV/Vis
SMP-00084,5.63,23731.4,5582.3,5909.4,0.0236,Aspirin,HPLC-UV/Vis
SMP-00084,7.21,61751.8,10654.1,11050.7,0.0621,Benzoic Acid,HPLC-UV/Vis
SMP-00084,9.0,31733.8,6488.2,6878.6,0.0323,Phenacetin,HPLC-UV/Vis
SMP-00084,10.4,15905.5,3915.7,3926.9,0.0154,Salicylic Acid,HPLC-UV/Vis
SMP-00084,12.07,50711.3,9356.2,9605.3,0.0509,Chlorpheniramine,HPLC-UV/Vis
SMP-00085,1.24,13181.7,3445.1,3498.6,0.0133,Uracil,HPLC-UV/Vis
SMP-00085,2.8,42625.4,8237.0,8499.3,0.0425,Acetaminophen,HPLC-UV/Vis
SMP-00085,4.11,80614.1,13039.4,13387.5,0.0796,Caffeine,HPLC-UV/Vis
SMP-00085,5.6,25154.5,5538.7,5749.1,0.0249,Aspirin,HPLC-UV/Vis
SMP-00085,7.21,73235.7,12410.3,12928.8,0.0731,Benzoic Acid,HPLC-UV/Vis
SMP-00085,8.98,29165.9,5862.5,6059.6,0.0294,Phenacetin,HPLC-UV/Vis
SMP-00085,10.4,15454.1,3511.9,3601.9,0.0154,Salicylic Acid,HPLC-UV/Vis
SMP-00085,12.14,47611.2,8366.6,8180.5,0.0471,Chlorpheniramine,HPLC-UV/Vis
SMP-00086,1.23,13829.6,3637.2,3752.0,0.0138,Uracil,HPLC-UV/Vis
SMP-00086,2.8,42052.5,7713.8,7877.2,0.0427,Acetaminophen,HPLC-UV/Vis
SMP-00086,4.15,82373.8,12875.0,13403.3,0.0792,Caffeine,HPLC-UV/Vis
SMP-00086,5.62,24107.8,5289.2,5507.6,0.0242,Aspirin,HPLC-UV/Vis
SMP-00086,7.26,65029.8,11067.6,10864.2,0.0668,Benzoic Acid,HPLC-UV/Vis
SMP-00086,8.95,32943.8,6865.4,6983.1,0.0333,Phenacetin,HPLC-UV/Vis
SMP-00086,10.38,17358.8,4339.6,4408.5,0.0171,Salicylic Acid,HPLC-UV/Vis
SMP-00086,12.12,48780.9,8925.4,9326.5,0.0487,Chlorpheniramine,HPLC-UV/Vis
SMP-00087,1.24,12184.2,3037.8,3190.8,0.012,Uracil,HPLC-UV/Vis
SMP-00087,2.8,40978.4,7800.7,8250.5,0.0412,Acetaminophen,HPLC-UV/Vis
SMP-00087,4.16,87897.5,15790.9,16354.6,0.0872,Caffeine,HPLC-UV/Vis
SMP-00087,5.54,23317.9,5453.6,5604.5,0.0225,Aspirin,HPLC-UV/Vis
SMP-00087,7.24,69934.8,11340.2,11524.9,0.0692,Benzoic Acid,HPLC-UV/Vis
SMP-00087,8.99,34484.0,7161.7,7185.8,0.0337,Phenacetin,HPLC-UV/Vis
SMP-00087,10.36,15248.8,3749.2,3776.3,0.0149,Salicylic Acid,HPLC-UV/Vis
SMP-00087,12.12,59954.4,11019.4,11366.3,0.0591,Chlorpheniramine,HPLC-UV/Vis
SMP-00088,1.23,12960.9,3363.6,3323.2,0.0128,Uracil,HPLC-UV/Vis
SMP-00088,2.8,39310.3,8268.2,8511.5,0.0397,Acetaminophen,HPLC-UV/Vis
SMP-00088,4.14,82710.8,14368.1,15087.5,0.0842,Caffeine,HPLC-UV/Vis
SMP-00088,5.57,26051.1,5622.9,5823.4,0.0253,Aspirin,HPLC-UV/Vis
SMP-00088,7.21,61946.8,9626.1,10019.0,0.0648,Benzoic Acid,HPLC-UV/Vis
SMP-00088,8.94,31228.0,6576.6,6921.5,0.031,Phenacetin,HPLC-UV/Vis
SMP-00088,10.41,16464.8,3995.5,4105.8,0.0169,Salicylic Acid,HPLC-UV/Vis
SMP-00088,12.11,63518.6,11371.8,12082.1,0.0641,Chlorpheniramine,HPLC-UV/Vis
SMP-00089,1.21,11592.2,3019.7,3134.3,0.0121,Uracil,HPLC-UV/Vis
SMP-00089,2.83,51124.3,10123.2,10232.3,0.0524,Acetaminophen,HPLC-UV/Vis
SMP-00089,4.17,91023.6,14894.9,15318.3,0.0922,Caffeine,HPLC-UV/Vis
SMP-00089,5.57,20677.8,4450.4,4603.7,0.0207,Aspirin,HPLC-UV/Vis
SMP-00089,7.22,63172.0,10990.6,11261.5,0.0626,Benzoic Acid,HPLC-UV/Vis
SMP-00089,8.89,28733.9,6082.9,6054.0,0.0294,Phenacetin,HPLC-UV/Vis
SMP-00089,10.39,16055.9,4038.7,4122.1,0.0163,Salicylic Acid,HPLC-UV/Vis
SMP-00089,12.09,49868.4,9117.9,9602.7,0.0497,Chlorpheniramine,HPLC-UV/Vis
SMP-00090,1.22,12941.8,3503.4,3636.1,0.0129,Uracil,HPLC-UV/Vis
SMP-00090,2.79,44067.6,8307.8,8791.0,0.0417,Acetaminophen,HPLC-UV/Vis
SMP-00090,4.14,85540.5,14641.4,14871.5,0.0843,Caffeine,HPLC-UV/Vis
SMP-00090,5.61,22079.3,4634.1,4692.9,0.0227,Aspirin,HPLC-UV/Vis
SMP-00090,7.21,65638.1,10686.4,11365.5,0.0654,Benzoic Acid,HPLC-UV/Vis
SMP-00090,8.98,28946.6,5824.0,5999.9,0.0289,Phenacetin,HPLC-UV/Vis
SMP-00090,10.46,16125.3,3656.9,3790.4,0.0161,Salicylic Acid,HPLC-UV/Vis
SMP-00090,12.11,55534.0,10033.2,10323.7,0.0562,Chlorpheniramine,HPLC-UV/Vis
SMP-00091,1.22,16215.3,4099.0,4230.2,0.0159,Uracil,HPLC-UV/Vis
SMP-00091,2.77,43773.7,8785.6,9132.1,0.0443,Acetaminophen,HPLC-UV/Vis
SMP-00091,4.21,78569.1,13436.9,14114.5,0.0796,Caffeine,HPLC-UV/Vis
SMP-00091,5.6,22012.2,4864.6,4986.2,0.0211,Aspirin,HPLC-UV/Vis
SMP-00091,7.2,64132.5,10469.5,10858.6,0.0629,Benzoic Acid,HPLC-UV/Vis
SMP-00091,8.96,32820.0,6694.4,6741.6,0.0329,Phenacetin,HPLC-UV/Vis
SMP-00091,10.37,14429.6,3611.1,3693.3,0.0143,Salicylic Acid,HPLC-UV/Vis
SMP-00091,12.11,56038.3,10024.1,10205.3,0.0537,Chlorpheniramine,HPLC-UV/Vis
SMP-00092,1.26,12227.4,3129.6,3269.6,0.0119,Uracil,HPLC-UV/Vis
SMP-00092,2.77,53913.7,10710.9,10560.4,0.0525,Acetaminophen,HPLC-UV/Vis
SMP-00092,4.14,77387.2,13425.8,13912.5,0.0782,Caffeine,HPLC-UV/Vis
SMP-00092,5.62,22221.2,4862.9,5068.2,0.0215,Aspirin,HPLC-UV/Vis
SMP-00092,7.21,76033.7,12274.2,12415.8,0.0745,Benzoic Acid,HPLC-UV/Vis
SMP-00092,8.95,29751.4,5908.5,5936.1,0.0297,Phenacetin,HPLC-UV/Vis
SMP-00092,10.38,18014.3,4378.7,4621.3,0.0178,Salicylic Acid,HPLC-UV/Vis
SMP-00092,12.1,44999.6,8556.8,8790.4,0.0458,Chlorpheniramine,HPLC-UV/Vis
SMP-00093,1.25,11371.2,3041.4,3151.5,0.0115,Uracil,HPLC-UV/Vis
SMP-00093,2.83,49305.5,9202.0,9350.0,0.0484,Acetaminophen,HPLC-UV/Vis
SMP-00093,4.16,76797.3,12401.8,12403.3,0.0767,Caffeine,HPLC-UV/Vis
SMP-00093,5.62,23973.1,5585.0,5847.3,0.0238,Aspirin,HPLC-UV/Vis
SMP-00093,7.16,60913.0,10234.7,10100.0,0.0609,Benzoic Acid,HPLC-UV/Vis
SMP-00093,8.95,27837.8,5792.2,5968.2,0.0287,Phenacetin,HPLC-UV/Vis
SMP-00093,10.38,15215.5,3553.1,3688.6,0.0154,Salicylic Acid,HPLC-UV/Vis
SMP-00093,12.08,52749.4,9368.9,9689.7,0.0532,Chlorpheniramine,HPLC-UV/Vis
SMP-00094,1.28,11682.3,3097.3,3223.6,0.0117,Uracil,HPLC-UV/Vis
SMP-00094,2.87,42058.3,8252.8,8376.5,0.0437,Acetaminophen,HPLC-UV/Vis
SMP-00094,4.13,93773.2,15355.6,15657.6,0.0951,Caffeine,HPLC-UV/Vis
SMP-00094,5.61,23003.2,5144.9,5322.8,0.023,Aspirin,HPLC-UV/Vis
SMP-00094,7.25,60320.3,10167.9,10407.9,0.0627,Benzoic Acid,HPLC-UV/Vis
SMP-00094,8.93,28174.5,5841.9,5856.7,0.0279,Phenacetin,HPLC-UV/Vis
SMP-00094,10.41,14820.3,3440.5,3618.4,0.0144,Salicylic Acid,HPLC-UV/Vis
SMP-00094,12.08,62881.6,11590.6,11704.7,0.0619,Chlorpheniramine,HPLC-UV/Vis
SMP-00095,1.24,12239.7,3268.0,3317.2,0.0123,Uracil,HPLC-UV/Vis
SMP-00095,2.82,45069.2,8681.2,8639.7,0.0441,Acetaminophen,HPLC-UV/Vis
SMP-00095,4.15,89869.2,15060.9,15155.1,0.0894,Caffeine,HPLC-UV/Vis
SMP-00095,5.58,26406.7,5969.4,6183.1,0.0272,Aspirin,HPLC-UV/Vis
SMP-00095,7.2,69869.2,11303.8,11710.9,0.0684,Benzoic Acid,HPLC-UV/Vis
SMP-00095,8.98,32050.1,6219.0,6285.4,0.0324,Phenacetin,HPLC-UV/Vis
SMP-00095,10.32,17539.6,4288.1,4346.5,0.0178,Salicylic Acid,HPLC-UV/Vis
SMP-00095,12.08,56143.2,10675.5,11342.4,0.0565,Chlorpheniramine,HPLC-UV/Vis
SMP-00096,1.27,10885.5,2859.7,2903.5,0.011,Uracil,HPLC-UV/Vis
SMP-00096,2.82,46341.1,8185.0,8459.8,0.0469,Acetaminophen,HPLC-UV/Vis
SMP-00096,4.12,93178.5,15102.2,16051.2,0.0937,Caffeine,HPLC-UV/Vis
SMP-00096,5.63,23937.6,5147.8,5051.2,0.0237,Aspirin,HPLC-UV/Vis
SMP-00096,7.19,72800.1,12148.2,12825.6,0.0724,Benzoic Acid,HPLC-UV/Vis
SMP-00096,8.97,35885.5,7033.9,7180.4,0.0364,Phenacetin,HPLC-UV/Vis
SMP-00096,10.41,15144.1,3775.3,3954.1,0.015,Salicylic Acid,HPLC-UV/Vis
SMP-00096,12.14,64447.4,11871.7,12238.3,0.0644,Chlorpheniramine,HPLC-UV/Vis
SMP-00097,1.25,12686.6,3159.2,3336.0,0.0125,Uracil,HPLC-UV/Vis
SMP-00097,2.8,54919.0,10559.6,10735.7,0.0544,Acetaminophen,HPLC-UV/Vis
SMP-00097,4.07,80256.3,14234.3,14829.6,0.0783,Caffeine,HPLC-UV/Vis
SMP-00097,5.6,25054.5,5813.3,6032.9,0.0248,Aspirin,HPLC-UV/Vis
SMP-00097,7.18,60435.4,9452.0,9439.7,0.0592,Benzoic Acid,HPLC-UV/Vis
SMP-00097,8.96,27458.2,5029.2,5075.1,0.0272,Phenacetin,HPLC-UV/Vis
SMP-00097,10.45,14643.5,3667.5,3776.1,0.0146,Salicylic Acid,HPLC-UV/Vis
SMP-00097,12.1,50054.0,9100.8,9330.8,0.049,Chlorpheniramine,HPLC-UV/Vis
SMP-00098,1.26,41624.2,8839.7,10269.1,0.041,Uracil,HPLC-UV/Vis
SMP-00098,2.75,44157.8,8732.6,8873.3,0.0465,Acetaminophen,HPLC-UV/Vis
SMP-00098,4.19,96294.4,16459.3,16694.0,0.0917,Caffeine,HPLC-UV/Vis
SMP-00098,5.62,23450.0,5219.7,5514.2,0.0236,Aspirin,HPLC-UV/Vis
SMP-00098,7.17,60017.1,10516.3,10853.0,0.0592,Benzoic Acid,HPLC-UV/Vis
SMP-00098,8.93,28988.4,5700.3,5700.3,0.0289,Phenacetin,HPLC-UV/Vis
SMP-00098,10.43,16057.9,3941.8,4001.5,0.016,Salicylic Acid,HPLC-UV/Vis
SMP-00098,12.12,53692.0,10025.9,10328.2,0.0546,Chlorpheniramine,HPLC-UV/Vis
SMP-00099,1.2,12784.6,3355.6,3494.9,0.0129,Uracil,HPLC-UV/Vis
SMP-00099,2.78,48327.1,9505.3,9683.9,0.0493,Acetaminophen,HPLC-UV/Vis
SMP-00099,4.13,622787.1,87648.6,112611.0,0.6259,Caffeine,HPLC-UV/Vis
SMP-00099,5.59,23670.8,5399.2,5526.4,0.0232,Aspirin,HPLC-UV/Vis
SMP-00099,7.19,66348.2,10928.0,11745.8,0.0633,Benzoic Acid,HPLC-UV/Vis
SMP-00099,8.95,28763.2,6073.3,6354.3,0.0287,Phenacetin,HPLC-UV/Vis
SMP-00099,10.4,15437.2,3751.4,3849.9,0.0155,Salicylic Acid,HPLC-UV/Vis
SMP-00099,12.06,48506.2,8256.8,8647.6,0.0488,Chlorpheniramine,HPLC-UV/Vis
SMP-00100,1.21,14672.8,3712.8,3836.7,0.0149,Uracil,HPLC-UV/Vis
SMP-00100,2.78,46620.8,9822.8,10176.7,0.0481,Acetaminophen,HPLC-UV/Vis
SMP-00100,4.16,80377.1,13526.8,13527.4,0.0832,Caffeine,HPLC-UV/Vis
SMP-00100,5.52,22313.4,5026.7,5153.7,0.0226,Aspirin,HPLC-UV/Vis
SMP-00100,7.16,66918.6,11131.4,11387.8,0.0686,Benzoic Acid,HPLC-UV/Vis
SMP-00100,8.96,31412.5,6145.1,6167.3,0.0314,Phenacetin,HPLC-UV/Vis
SMP-00100,10.42,12908.6,2789.8,2914.4,0.0129,Salicylic Acid,HPLC-UV/Vis
SMP-00100,12.07,56099.1,10392.6,10611.4,0.0556,Chlorpheniramine,HPLC-UV/Vis
SMP-00101,1.26,13126.2,3372.4,3539.3,0.0131,Uracil,HPLC-UV/Vis
SMP-00101,2.86,43031.0,8210.5,8446.0,0.0431,Acetaminophen,HPLC-UV/Vis
SMP-00101,4.15,88846.1,14518.6,14269.6,0.0922,Caffeine,HPLC-UV/Vis
SMP-00101,5.62,19916.6,4325.4,4397.0,0.0206,Aspirin,HPLC-UV/Vis
SMP-00101,7.22,63016.3,10320.2,10579.1,0.0647,Benzoic Acid,HPLC-UV/Vis
SMP-00101,8.91,25124.7,4945.3,5013.4,0.0241,Phenacetin,HPLC-UV/Vis
SMP-00101,10.34,14012.6,3550.2,3685.4,0.0141,Salicylic Acid,HPLC-UV/Vis
SMP-00101,12.05,48026.6,8671.5,9082.2,0.049,Chlorpheniramine,HPLC-UV/Vis
SMP-00102,1.23,12481.1,3177.1,3259.6,0.013,Uracil,HPLC-UV/Vis
SMP-00102,2.79,51350.0,9587.5,9751.7,0.0509,Acetaminophen,HPLC-UV/Vis
SMP-00102,4.1,94510.8,15653.2,16282.0,0.093,Caffeine,HPLC-UV/Vis
SMP-00102,5.57,22331.7,5260.2,5428.0,0.0218,Aspirin,HPLC-UV/Vis
SMP-00102,7.16,59318.8,9508.0,9708.7,0.0606,Benzoic Acid,HPLC-UV/Vis
SMP-00102,8.97,27771.7,5593.2,5791.4,0.0274,Phenacetin,HPLC-UV/Vis
SMP-00102,10.41,15056.6,3693.4,3921.9,0.015,Salicylic Acid,HPLC-UV/Vis
SMP-00102,12.12,46248.3,8038.6,8145.7,0.0453,Chlorpheniramine,HPLC-UV/Vis
SMP-00103,1.27,14013.2,3631.3,3707.9,0.0135,Uracil,HPLC-UV/Vis
SMP-00103,2.8,46638.0,9625.6,10153.2,0.0474,Acetaminophen,HPLC-UV/Vis
SMP-00103,4.13,88354.8,14025.4,14586.5,0.089,Caffeine,HPLC-UV/Vis
SMP-00103,5.64,23336.3,4887.9,5029.5,0.0235,Aspirin,HPLC-UV/Vis
SMP-00103,7.19,72980.4,12191.0,12236.1,0.0711,Benzoic Acid,HPLC-UV/Vis
SMP-00103,8.99,32207.9,6894.4,7246.9,0.0326,Phenacetin,HPLC-UV/Vis
SMP-00103,10.45,16437.4,3960.0,4025.9,0.0165,Salicylic Acid,HPLC-UV/Vis
SMP-00103,12.12,49032.5,8975.0,9150.6,0.0487,Chlorpheniramine,HPLC-UV/Vis
SMP-00104,1.25,14802.9,3937.7,4083.7,0.0149,Uracil,HPLC-UV/Vis
SMP-00104,2.83,41999.6,8141.2,8088.7,0.043,Acetaminophen,HPLC-UV/Vis
SMP-00104,4.15,70245.5,11683.8,11823.0,0.0691,Caffeine,HPLC-UV/Vis
SMP-00104,5.61,21972.5,4752.0,4906.5,0.0218,Aspirin,HPLC-UV/Vis
SMP-00104,7.19,69689.0,11521.3,11541.3,0.071,Benzoic Acid,HPLC-UV/Vis
SMP-00104,8.94,29265.4,6032.0,6280.7,0.03,Phenacetin,HPLC-UV/Vis
SMP-00104,10.42,15906.2,3679.5,3929.7,0.0155,Salicylic Acid,HPLC-UV/Vis
SMP-00104,12.11,55694.9,9925.3,10387.3,0.054,Chlorpheniramine,HPLC-UV/Vis
SMP-00105,1.23,11607.2,3024.5,3180.4,0.0116,Uracil,HPLC-UV/Vis
SMP-00105,2.8,41711.5,8037.0,8229.9,0.0411,Acetaminophen,HPLC-UV/Vis
SMP-00105,4.16,75012.1,11475.3,11917.0,0.0736,Caffeine,HPLC-UV/Vis
SMP-00105,5.62,20164.1,4236.1,4505.0,0.0203,Aspirin,HPLC-UV/Vis
SMP-00105,7.17,63959.7,10229.0,10716.6,0.0629,Benzoic Acid,HPLC-UV/Vis
SMP-00105,8.94,27945.1,5650.8,5523.8,0.0279,Phenacetin,HPLC-UV/Vis
SMP-00105,10.42,44302.8,10100.9,11505.2,0.0457,Salicylic Acid,HPLC-UV/Vis
SMP-00105,12.12,50021.1,8559.3,8623.6,0.05,Chlorpheniramine,HPLC-UV/Vis
SMP-00106,1.26,10199.2,2417.2,2556.1,0.0105,Uracil,HPLC-UV/Vis
SMP-00106,2.8,50469.6,9919.7,10246.7,0.0515,Acetaminophen,HPLC-UV/Vis
SMP-00106,4.15,311645.6,41014.2,54434.4,0.3121,Caffeine,HPLC-UV/Vis
SMP-00106,5.59,22417.9,5004.5,4942.5,0.0228,Aspirin,HPLC-UV/Vis
SMP-00106,7.24,64177.3,10648.8,11375.9,0.0638,Benzoic Acid,HPLC-UV/Vis
SMP-00106,8.95,32496.5,6679.8,6993.5,0.0321,Phenacetin,HPLC-UV/Vis
SMP-00106,10.38,15756.3,3812.9,3981.5,0.0162,Salicylic Acid,HPLC-UV/Vis
SMP-00106,12.08,46416.4,8990.0,9314.4,0.0469,Chlorpheniramine,HPLC-UV/Vis
SMP-00107,1.25,13084.5,3338.8,3510.8,0.0137,Uracil,HPLC-UV/Vis
SMP-00107,2.77,208900.3,36666.5,39109.1,0.2083,Acetaminophen,HPLC-UV/Vis
SMP-00107,4.14,86880.9,14387.9,14765.5,0.0865,Caffeine,HPLC-UV/Vis
SMP-00107,5.62,26903.4,6029.6,6307.4,0.0268,Aspirin,HPLC-UV/Vis
SMP-00107,7.22,68554.3,10914.6,11170.4,0.0684,Benzoic Acid,HPLC-UV/Vis
SMP-00107,8.99,32697.5,6971.3,7217.2,0.0327,Phenacetin,HPLC-UV/Vis
SMP-00107,10.4,15621.1,3649.3,3719.4,0.0155,Salicylic Acid,HPLC-UV/Vis
SMP-00107,12.11,51050.1,9368.7,9615.7,0.0479,Chlorpheniramine,HPLC-UV/Vis
SMP-00108,1.28,10356.6,2672.7,2837.6,0.0102,Uracil,HPLC-UV/Vis
SMP-00108,2.76,53253.0,10326.4,10645.9,0.0545,Acetaminophen,HPLC-UV/Vis
SMP-00108,4.12,83427.0,13776.9,14018.3,0.0796,Caffeine,HPLC-UV/Vis
SMP-00108,5.56,26833.6,5951.7,6022.5,0.0265,Aspirin,HPLC-UV/Vis
SMP-00108,7.17,74250.1,13089.1,13671.9,0.0741,Benzoic Acid,HPLC-UV/Vis
SMP-00108,8.92,37627.0,7682.6,8238.2,0.0385,Phenacetin,HPLC-UV/Vis
SMP-00108,10.38,14556.9,3536.8,3638.7,0.0155,Salicylic Acid,HPLC-UV/Vis
SMP-00108,12.11,57542.4,10404.4,10739.4,0.0564,Chlorpheniramine,HPLC-UV/Vis
SMP-00109,1.27,12858.4,3359.7,3555.4,0.0131,Uracil,HPLC-UV/Vis
SMP-00109,2.76,43052.2,8307.7,8598.9,0.0426,Acetaminophen,HPLC-UV/Vis
SMP-00109,4.11,74472.2,12003.8,12011.0,0.0727,Caffeine,HPLC-UV/Vis
SMP-00109,5.56,23977.2,5407.2,5510.0,0.0238,Aspirin,HPLC-UV/Vis
SMP-00109,7.18,62124.5,10726.1,11237.6,0.0629,Benzoic Acid,HPLC-UV/Vis
SMP-00109,8.89,35424.4,7342.3,7711.0,0.0357,Phenacetin,HPLC-UV/Vis
SMP-00109,10.39,16173.5,3904.2,4089.1,0.0157,Salicylic Acid,HPLC-UV/Vis
SMP-00109,12.16,50807.5,9116.8,9229.4,0.0512,Chlorpheniramine,HPLC-UV/Vis
SMP-00110,1.24,13507.4,3404.7,3560.5,0.0138,Uracil,HPLC-UV/Vis
SMP-00110,2.8,60645.2,12066.8,12507.2,0.0598,Acetaminophen,HPLC-UV/Vis
SMP-00110,4.19,104450.0,17622.1,18427.5,0.1022,Caffeine,HPLC-UV/Vis
SMP-00110,5.56,19663.9,4378.2,4555.4,0.0201,Aspirin,HPLC-UV/Vis
SMP-00110,7.22,60763.5,10062.6,10061.2,0.0581,Benzoic Acid,HPLC-UV/Vis
SMP-00110,8.93,33922.6,7171.8,7298.1,0.0343,Phenacetin,HPLC-UV/Vis
SMP-00110,10.34,15793.1,3793.4,3873.8,0.0164,Salicylic Acid,HPLC-UV/Vis
SMP-00110,12.11,48809.0,9092.7,9419.7,0.0492,Chlorpheniramine,HPLC-UV/Vis
SMP-00111,1.23,13605.0,3666.8,3812.1,0.0134,Uracil,HPLC-UV/Vis
SMP-00111,2.87,46269.3,9381.9,9524.4,0.0462,Acetaminophen,HPLC-UV/Vis
SMP-00111,4.16,82364.6,13036.8,13685.6,0.0845,Caffeine,HPLC-UV/Vis
SMP-00111,5.65,23411.0,5121.3,5413.4,0.0237,Aspirin,HPLC-UV/Vis
SMP-00111,7.17,70715.7,11692.2,12036.8,0.0722,Benzoic Acid,HPLC-UV/Vis
SMP-00111,8.99,25173.9,5212.9,5441.7,0.0242,Phenacetin,HPLC-UV/Vis
SMP-00111,10.37,15634.6,3994.0,4275.4,0.0154,Salicylic Acid,HPLC-UV/Vis
SMP-00111,12.12,56301.9,10297.8,10669.3,0.0581,Chlorpheniramine,HPLC-UV/Vis
SMP-00112,1.22,13441.2,3540.4,3668.9,0.0138,Uracil,HPLC-UV/Vis
SMP-00112,2.81,46355.5,8469.4,8709.9,0.0457,Acetaminophen,HPLC-UV/Vis
SMP-00112,4.19,93698.4,15218.3,15503.0,0.0942,Caffeine,HPLC-UV/Vis
SMP-00112,5.58,23088.8,5230.7,5185.0,0.0231,Aspirin,HPLC-UV/Vis
SMP-00112,7.2,64019.1,10685.2,11416.8,0.0636,Benzoic Acid,HPLC-UV/Vis
SMP-00112,9.01,29484.3,6396.9,6589.5,0.0306,Phenacetin,HPLC-UV/Vis
SMP-00112,10.41,15498.3,3704.1,3820.9,0.0158,Salicylic Acid,HPLC-UV/Vis
SMP-00112,12.09,52841.6,9846.6,10383.3,0.0521,Chlorpheniramine,HPLC-UV/Vis
SMP-00113,1.26,14352.4,3798.9,3817.8,0.0143,Uracil,HPLC-UV/Vis
SMP-00113,2.79,53148.4,9948.5,9924.9,0.0524,Acetaminophen,HPLC-UV/Vis
SMP-00113,4.17,93102.9,15645.9,15563.6,0.0952,Caffeine,HPLC-UV/Vis
SMP-00113,5.62,20042.9,4426.1,4579.8,0.0206,Aspirin,HPLC-UV/Vis
SMP-00113,7.2,60085.6,10155.1,10617.6,0.0618,Benzoic Acid,HPLC-UV/Vis
SMP-00113,8.98,35446.5,6956.0,7249.9,0.036,Phenacetin,HPLC-UV/Vis
SMP-00113,10.36,17071.8,4021.8,4128.1,0.0171,Salicylic Acid,HPLC-UV/Vis
SMP-00113,12.08,50490.4,9158.7,9617.9,0.053,Chlorpheniramine,HPLC-UV/Vis
SMP-00114,1.26,11097.7,2950.2,2983.3,0.011,Uracil,HPLC-UV/Vis
SMP-00114,2.8,47280.5,9317.2,9595.7,0.0461,Acetaminophen,HPLC-UV/Vis
SMP-00114,4.15,99563.6,15876.9,15844.4,0.0995,Caffeine,HPLC-UV/Vis
SMP-00114,5.6,22638.8,4865.3,5182.3,0.0222,Aspirin,HPLC-UV/Vis
SMP-00114,7.22,54890.5,9550.2,9955.9,0.0561,Benzoic Acid,HPLC-UV/Vis
SMP-00114,8.95,27883.3,5693.1,5752.9,0.0282,Phenacetin,HPLC-UV/Vis
SMP-00114,10.44,16180.7,4046.9,4144.2,0.016,Salicylic Acid,HPLC-UV/Vis
SMP-00114,12.09,55659.9,9752.4,9873.0,0.0563,Chlorpheniramine,HPLC-UV/Vis
SMP-00115,1.22,13285.4,3363.6,3465.6,0.0137,Uracil,HPLC-UV/Vis
SMP-00115,2.82,54542.5,10411.4,10518.4,0.0539,Acetaminophen,HPLC-UV/Vis
SMP-00115,4.08,87350.5,13962.5,14600.3,0.088,Caffeine,HPLC-UV/Vis
SMP-00115,5.62,24770.7,5351.6,5459.4,0.0237,Aspirin,HPLC-UV/Vis
SMP-00115,7.18,67900.0,10966.2,11182.6,0.0662,Benzoic Acid,HPLC-UV/Vis
SMP-00115,8.96,32455.8,6660.4,6654.9,0.0321,Phenacetin,HPLC-UV/Vis
SMP-00115,10.39,15717.7,3991.2,4175.8,0.0154,Salicylic Acid,HPLC-UV/Vis
SMP-00115,12.12,49831.9,9260.2,9508.3,0.0483,Chlorpheniramine,HPLC-UV/Vis
SMP-00116,1.26,12167.0,3123.6,3172.4,0.0124,Uracil,HPLC-UV/Vis
SMP-00116,2.8,47435.9,8910.0,9017.9,0.0454,Acetaminophen,HPLC-UV/Vis
SMP-00116,4.11,90383.3,14853.8,15478.4,0.0882,Caffeine,HPLC-UV/Vis
SMP-00116,5.65,27060.1,6125.7,6350.8,0.0266,Aspirin,HPLC-UV/Vis
SMP-00116,7.2,71178.1,11616.0,11924.3,0.0714,Benzoic Acid,HPLC-UV/Vis
SMP-00116,8.96,29393.3,5771.9,6132.6,0.0309,Phenacetin,HPLC-UV/Vis
SMP-00116,10.36,14394.5,3564.4,3767.0,0.014,Salicylic Acid,HPLC-UV/Vis
SMP-00116,12.11,58887.0,10546.9,10533.5,0.0596,Chlorpheniramine,HPLC-UV/Vis
SMP-00117,1.25,12955.0,3284.2,3327.2,0.0133,Uracil,HPLC-UV/Vis
SMP-00117,2.81,52679.9,9955.7,10144.4,0.0528,Acetaminophen,HPLC-UV/Vis
SMP-00117,4.17,87529.2,13796.7,14228.8,0.0878,Caffeine,HPLC-UV/Vis
SMP-00117,5.61,24165.2,5384.5,5525.8,0.0238,Aspirin,HPLC-UV/Vis
SMP-00117,7.19,78789.5,13544.5,14122.3,0.0793,Benzoic Acid,HPLC-UV/Vis
SMP-00117,8.91,30525.9,6281.6,6498.9,0.0308,Phenacetin,HPLC-UV/Vis
SMP-00117,10.38,14535.1,3706.0,3874.4,0.0144,Salicylic Acid,HPLC-UV/Vis
SMP-00117,12.1,54372.0,9970.5,10775.1,0.0546,Chlorpheniramine,HPLC-UV/Vis
SMP-00118,1.2,11846.8,3162.9,3283.2,0.0108,Uracil,HPLC-UV/Vis
SMP-00118,2.86,36658.9,7529.7,7338.1,0.0375,Acetaminophen,HPLC-UV/Vis
SMP-00118,4.08,93180.4,15647.7,16231.0,0.0942,Caffeine,HPLC-UV/Vis
SMP-00118,5.54,24698.2,5720.9,6021.8,0.0238,Aspirin,HPLC-UV/Vis
SMP-00118,7.17,56663.4,9431.4,9788.5,0.0547,Benzoic Acid,HPLC-UV/Vis
SMP-00118,8.97,29490.1,6016.5,5962.4,0.0293,Phenacetin,HPLC-UV/Vis
SMP-00118,10.41,16191.8,3972.0,4070.2,0.0163,Salicylic Acid,HPLC-UV/Vis
SMP-00118,12.1,55922.3,10057.1,10228.7,0.0565,Chlorpheniramine,HPLC-UV/Vis
SMP-00119,1.26,12485.7,3180.0,3254.5,0.0124,Uracil,HPLC-UV/Vis
SMP-00119,2.81,46860.7,9333.4,9514.2,0.0486,Acetaminophen,HPLC-UV/Vis
SMP-00119,4.12,80337.1,12305.1,13051.4,0.0828,Caffeine,HPLC-UV/Vis
SMP-00119,5.57,27284.0,5970.3,6117.3,0.0279,Aspirin,HPLC-UV/Vis
SMP-00119,7.27,69076.5,11346.0,11547.5,0.0666,Benzoic Acid,HPLC-UV/Vis
SMP-00119,8.98,33068.8,6787.7,6856.2,0.0332,Phenacetin,HPLC-UV/Vis
SMP-00119,10.41,15860.8,3772.7,3951.3,0.0149,Salicylic Acid,HPLC-UV/Vis
SMP-00119,12.18,46025.4,8251.3,8497.6,0.0455,Chlorpheniramine,HPLC-UV/Vis
SMP-00120,1.26,12640.1,3325.4,3426.3,0.0135,Uracil,HPLC-UV/Vis
SMP-00120,2.81,37966.2,7232.9,7615.9,0.0367,Acetaminophen,HPLC-UV/Vis
SMP-00120,4.15,101428.0,16506.2,16890.5,0.0981,Caffeine,HPLC-UV/Vis
SMP-00120,5.62,18984.2,4365.2,4563.0,0.0195,Aspirin,HPLC-UV/Vis
SMP-00120,7.22,70909.8,12075.9,11998.9,0.0689,Benzoic Acid,HPLC-UV/Vis
SMP-00120,8.95,32411.4,6711.3,7062.6,0.0331,Phenacetin,HPLC-UV/Vis
SMP-00120,10.41,14278.0,3456.5,3582.5,0.0132,Salicylic Acid,HPLC-UV/Vis
SMP-00120,12.12,50972.1,9783.5,10009.0,0.0511,Chlorpheniramine,HPLC-UV/Vis
SMP-00121,1.3,12319.8,3180.9,3352.9,0.0125,Uracil,HPLC-UV/Vis
SMP-00121,2.83,57426.5,11244.5,11608.1,0.0576,Acetaminophen,HPLC-UV/Vis
SMP-00121,4.13,303513.6,41860.7,45802.3,0.3003,Caffeine,HPLC-UV/Vis
SMP-00121,5.58,26275.7,5973.8,6156.4,0.0261,Aspirin,HPLC-UV/Vis
SMP-00121,7.17,70042.4,12403.6,12826.6,0.069,Benzoic Acid,HPLC-UV/Vis
SMP-00121,8.94,26850.7,5642.8,5938.2,0.0267,Phenacetin,HPLC-UV/Vis
SMP-00121,10.37,15366.8,3679.1,3715.1,0.016,Salicylic Acid,HPLC-UV/Vis
SMP-00121,12.12,58989.0,10893.1,11129.9,0.0593,Chlorpheniramine,HPLC-UV/Vis
SMP-00122,1.26,12875.9,3272.7,3283.9,0.013,Uracil,HPLC-UV/Vis
SMP-00122,2.74,48125.3,9610.0,10384.2,0.0478,Acetaminophen,HPLC-UV/Vis
SMP-00122,4.12,91061.9,14890.7,15095.9,0.0907,Caffeine,HPLC-UV/Vis
SMP-00122,5.63,21319.7,4701.9,4708.8,0.0211,Aspirin,HPLC-UV/Vis
SMP-00122,7.2,70633.5,12221.7,12767.5,0.0719,Benzoic Acid,HPLC-UV/Vis
SMP-00122,8.97,31085.9,6570.8,6908.9,0.0315,Phenacetin,HPLC-UV/Vis
SMP-00122,10.37,15171.9,3784.6,3896.6,0.0155,Salicylic Acid,HPLC-UV/Vis
SMP-00122,12.14,60735.0,10677.2,11100.6,0.0601,Chlorpheniramine,HPLC-UV/Vis
SMP-00123,1.24,14099.9,3668.3,3926.3,0.0142,Uracil,HPLC-UV/Vis
SMP-00123,2.81,45903.2,8578.8,9026.7,0.0454,Acetaminophen,HPLC-UV/Vis
SMP-00123,4.19,99532.2,16672.1,17051.5,0.0994,Caffeine,HPLC-UV/Vis
SMP-00123,5.62,26688.7,5949.0,6362.4,0.0271,Aspirin,HPLC-UV/Vis
SMP-00123,7.22,78898.2,13783.1,14523.7,0.0789,Benzoic Acid,HPLC-UV/Vis
SMP-00123,8.97,36423.3,7555.2,7850.6,0.0365,Phenacetin,HPLC-UV/Vis
SMP-00123,10.4,15812.0,4047.5,4149.6,0.0158,Salicylic Acid,HPLC-UV/Vis
SMP-00123,12.12,61608.4,11617.7,12013.4,0.0622,Chlorpheniramine,HPLC-UV/Vis
SMP-00124,1.27,12841.4,3306.2,3414.5,0.013,Uracil,HPLC-UV/Vis
SMP-00124,2.79,53620.0,11143.8,11209.7,0.0525,Acetaminophen,HPLC-UV/Vis
SMP-00124,4.15,97191.2,16056.3,16593.2,0.0981,Caffeine,HPLC-UV/Vis
SMP-00124,5.59,23053.6,4847.7,4880.5,0.0225,Aspirin,HPLC-UV/Vis
SMP-00124,7.21,71518.7,11267.1,11270.8,0.0724,Benzoic Acid,HPLC-UV/Vis
SMP-00124,8.99,25511.6,5395.4,5461.4,0.0262,Phenacetin,HPLC-UV/Vis
SMP-00124,10.33,16685.5,3858.3,4007.0,0.0166,Salicylic Acid,HPLC-UV/Vis
SMP-00124,12.07,58431.5,10139.7,10695.7,0.058,Chlorpheniramine,HPLC-UV/Vis
SMP-00125,1.3,12366.7,3361.7,3544.7,0.0122,Uracil,HPLC-UV/Vis
SMP-00125,2.8,52790.7,10375.7,10723.5,0.0526,Acetaminophen,HPLC-UV/Vis
SMP-00125,4.19,89233.9,14333.7,14601.9,0.0882,Caffeine,HPLC-UV/Vis
SMP-00125,5.58,26561.4,5832.9,6090.1,0.0254,Aspirin,HPLC-UV/Vis
SMP-00125,7.2,64155.2,10722.4,10937.7,0.0613,Benzoic Acid,HPLC-UV/Vis
SMP-00125,8.96,30220.9,6014.0,6017.7,0.0304,Phenacetin,HPLC-UV/Vis
SMP-00125,10.41,13443.5,3300.4,3395.9,0.0137,Salicylic Acid,HPLC-UV/Vis